-- Tapas Menu Database Export
-- Generated on 2025-07-29 00:12:26

SET FOREIGN_KEY_CHECKS = 0;
SET SQL_MODE = "NO_AUTO_VALUE_ON_ZERO";
SET AUTOCOMMIT = 0;
START TRANSACTION;

-- Structure for table `menu_item_icons`
DROP TABLE IF EXISTS `menu_item_icons`;
CREATE TABLE `menu_item_icons` (
  `id` int NOT NULL AUTO_INCREMENT,
  `item_id` int NOT NULL,
  `icon_type` enum('dietary','spice','award','special','custom') COLLATE utf8mb4_unicode_ci NOT NULL,
  `icon_name` varchar(100) COLLATE utf8mb4_unicode_ci NOT NULL,
  `icon_path` varchar(500) COLLATE utf8mb4_unicode_ci DEFAULT NULL,
  `tooltip_text` varchar(255) COLLATE utf8mb4_unicode_ci DEFAULT NULL,
  `display_order` int DEFAULT '0',
  PRIMARY KEY (`id`),
  KEY `idx_item_type` (`item_id`,`icon_type`),
  KEY `idx_item_order` (`item_id`,`display_order`),
  CONSTRAINT `menu_item_icons_ibfk_1` FOREIGN KEY (`item_id`) REFERENCES `menu_items` (`id`) ON DELETE CASCADE
) ENGINE=InnoDB AUTO_INCREMENT=58 DEFAULT CHARSET=utf8mb4 COLLATE=utf8mb4_unicode_ci;

-- Data for table `menu_item_icons`
INSERT INTO `menu_item_icons` (`id`, `item_id`, `icon_type`, `icon_name`, `icon_path`, `tooltip_text`, `display_order`) VALUES ('1', '3', 'special', 'has_image', NULL, 'Has Photo', '1');
INSERT INTO `menu_item_icons` (`id`, `item_id`, `icon_type`, `icon_name`, `icon_path`, `tooltip_text`, `display_order`) VALUES ('2', '7', 'special', 'has_image', NULL, 'Has Photo', '1');
INSERT INTO `menu_item_icons` (`id`, `item_id`, `icon_type`, `icon_name`, `icon_path`, `tooltip_text`, `display_order`) VALUES ('3', '28', 'special', 'has_image', NULL, 'Has Photo', '1');
INSERT INTO `menu_item_icons` (`id`, `item_id`, `icon_type`, `icon_name`, `icon_path`, `tooltip_text`, `display_order`) VALUES ('4', '30', 'special', 'has_image', NULL, 'Has Photo', '1');
INSERT INTO `menu_item_icons` (`id`, `item_id`, `icon_type`, `icon_name`, `icon_path`, `tooltip_text`, `display_order`) VALUES ('5', '34', 'special', 'has_image', NULL, 'Has Photo', '1');
INSERT INTO `menu_item_icons` (`id`, `item_id`, `icon_type`, `icon_name`, `icon_path`, `tooltip_text`, `display_order`) VALUES ('6', '41', 'special', 'has_image', NULL, 'Has Photo', '1');
INSERT INTO `menu_item_icons` (`id`, `item_id`, `icon_type`, `icon_name`, `icon_path`, `tooltip_text`, `display_order`) VALUES ('7', '53', 'special', 'has_image', NULL, 'Has Photo', '1');
INSERT INTO `menu_item_icons` (`id`, `item_id`, `icon_type`, `icon_name`, `icon_path`, `tooltip_text`, `display_order`) VALUES ('8', '128', 'special', 'has_image', NULL, 'Has Photo', '1');
INSERT INTO `menu_item_icons` (`id`, `item_id`, `icon_type`, `icon_name`, `icon_path`, `tooltip_text`, `display_order`) VALUES ('9', '129', 'special', 'has_image', NULL, 'Has Photo', '1');
INSERT INTO `menu_item_icons` (`id`, `item_id`, `icon_type`, `icon_name`, `icon_path`, `tooltip_text`, `display_order`) VALUES ('10', '130', 'special', 'has_image', NULL, 'Has Photo', '1');
INSERT INTO `menu_item_icons` (`id`, `item_id`, `icon_type`, `icon_name`, `icon_path`, `tooltip_text`, `display_order`) VALUES ('11', '167', 'special', 'has_image', NULL, 'Has Photo', '1');
INSERT INTO `menu_item_icons` (`id`, `item_id`, `icon_type`, `icon_name`, `icon_path`, `tooltip_text`, `display_order`) VALUES ('12', '5', 'dietary', 'gluten_free', NULL, NULL, '1');
INSERT INTO `menu_item_icons` (`id`, `item_id`, `icon_type`, `icon_name`, `icon_path`, `tooltip_text`, `display_order`) VALUES ('13', '8', 'dietary', 'gluten_free', NULL, NULL, '1');
INSERT INTO `menu_item_icons` (`id`, `item_id`, `icon_type`, `icon_name`, `icon_path`, `tooltip_text`, `display_order`) VALUES ('14', '9', 'dietary', 'gluten_free', NULL, NULL, '1');
INSERT INTO `menu_item_icons` (`id`, `item_id`, `icon_type`, `icon_name`, `icon_path`, `tooltip_text`, `display_order`) VALUES ('15', '22', 'dietary', 'gluten_free', NULL, NULL, '1');
INSERT INTO `menu_item_icons` (`id`, `item_id`, `icon_type`, `icon_name`, `icon_path`, `tooltip_text`, `display_order`) VALUES ('16', '23', 'dietary', 'gluten_free', NULL, NULL, '1');
INSERT INTO `menu_item_icons` (`id`, `item_id`, `icon_type`, `icon_name`, `icon_path`, `tooltip_text`, `display_order`) VALUES ('17', '25', 'dietary', 'gluten_free', NULL, NULL, '1');
INSERT INTO `menu_item_icons` (`id`, `item_id`, `icon_type`, `icon_name`, `icon_path`, `tooltip_text`, `display_order`) VALUES ('18', '26', 'dietary', 'gluten_free', NULL, NULL, '1');
INSERT INTO `menu_item_icons` (`id`, `item_id`, `icon_type`, `icon_name`, `icon_path`, `tooltip_text`, `display_order`) VALUES ('19', '27', 'dietary', 'gluten_free', NULL, NULL, '1');
INSERT INTO `menu_item_icons` (`id`, `item_id`, `icon_type`, `icon_name`, `icon_path`, `tooltip_text`, `display_order`) VALUES ('20', '31', 'dietary', 'gluten_free', NULL, NULL, '1');
INSERT INTO `menu_item_icons` (`id`, `item_id`, `icon_type`, `icon_name`, `icon_path`, `tooltip_text`, `display_order`) VALUES ('21', '33', 'dietary', 'vegan', NULL, NULL, '2');
INSERT INTO `menu_item_icons` (`id`, `item_id`, `icon_type`, `icon_name`, `icon_path`, `tooltip_text`, `display_order`) VALUES ('22', '39', 'dietary', 'gluten_free', NULL, NULL, '1');
INSERT INTO `menu_item_icons` (`id`, `item_id`, `icon_type`, `icon_name`, `icon_path`, `tooltip_text`, `display_order`) VALUES ('23', '41', 'dietary', 'gluten_free', NULL, NULL, '1');
INSERT INTO `menu_item_icons` (`id`, `item_id`, `icon_type`, `icon_name`, `icon_path`, `tooltip_text`, `display_order`) VALUES ('24', '55', 'dietary', 'gluten_free', NULL, NULL, '1');
INSERT INTO `menu_item_icons` (`id`, `item_id`, `icon_type`, `icon_name`, `icon_path`, `tooltip_text`, `display_order`) VALUES ('25', '57', 'dietary', 'gluten_free', NULL, NULL, '1');
INSERT INTO `menu_item_icons` (`id`, `item_id`, `icon_type`, `icon_name`, `icon_path`, `tooltip_text`, `display_order`) VALUES ('26', '66', 'dietary', 'gluten_free', NULL, NULL, '1');
INSERT INTO `menu_item_icons` (`id`, `item_id`, `icon_type`, `icon_name`, `icon_path`, `tooltip_text`, `display_order`) VALUES ('27', '72', 'dietary', 'gluten_free', NULL, NULL, '1');
INSERT INTO `menu_item_icons` (`id`, `item_id`, `icon_type`, `icon_name`, `icon_path`, `tooltip_text`, `display_order`) VALUES ('28', '73', 'dietary', 'gluten_free', NULL, NULL, '1');
INSERT INTO `menu_item_icons` (`id`, `item_id`, `icon_type`, `icon_name`, `icon_path`, `tooltip_text`, `display_order`) VALUES ('29', '74', 'dietary', 'gluten_free', NULL, NULL, '1');
INSERT INTO `menu_item_icons` (`id`, `item_id`, `icon_type`, `icon_name`, `icon_path`, `tooltip_text`, `display_order`) VALUES ('30', '80', 'dietary', 'vegan', NULL, NULL, '2');
INSERT INTO `menu_item_icons` (`id`, `item_id`, `icon_type`, `icon_name`, `icon_path`, `tooltip_text`, `display_order`) VALUES ('31', '82', 'dietary', 'vegan', NULL, NULL, '2');
INSERT INTO `menu_item_icons` (`id`, `item_id`, `icon_type`, `icon_name`, `icon_path`, `tooltip_text`, `display_order`) VALUES ('32', '122', 'dietary', 'gluten_free', NULL, NULL, '1');
INSERT INTO `menu_item_icons` (`id`, `item_id`, `icon_type`, `icon_name`, `icon_path`, `tooltip_text`, `display_order`) VALUES ('33', '132', 'dietary', 'gluten_free', NULL, NULL, '1');
INSERT INTO `menu_item_icons` (`id`, `item_id`, `icon_type`, `icon_name`, `icon_path`, `tooltip_text`, `display_order`) VALUES ('34', '133', 'dietary', 'gluten_free', NULL, NULL, '1');
INSERT INTO `menu_item_icons` (`id`, `item_id`, `icon_type`, `icon_name`, `icon_path`, `tooltip_text`, `display_order`) VALUES ('35', '134', 'dietary', 'gluten_free', NULL, NULL, '1');
INSERT INTO `menu_item_icons` (`id`, `item_id`, `icon_type`, `icon_name`, `icon_path`, `tooltip_text`, `display_order`) VALUES ('36', '135', 'dietary', 'gluten_free', NULL, NULL, '1');
INSERT INTO `menu_item_icons` (`id`, `item_id`, `icon_type`, `icon_name`, `icon_path`, `tooltip_text`, `display_order`) VALUES ('37', '136', 'dietary', 'gluten_free', NULL, NULL, '1');
INSERT INTO `menu_item_icons` (`id`, `item_id`, `icon_type`, `icon_name`, `icon_path`, `tooltip_text`, `display_order`) VALUES ('38', '137', 'dietary', 'gluten_free', NULL, NULL, '1');
INSERT INTO `menu_item_icons` (`id`, `item_id`, `icon_type`, `icon_name`, `icon_path`, `tooltip_text`, `display_order`) VALUES ('39', '138', 'dietary', 'gluten_free', NULL, NULL, '1');
INSERT INTO `menu_item_icons` (`id`, `item_id`, `icon_type`, `icon_name`, `icon_path`, `tooltip_text`, `display_order`) VALUES ('40', '139', 'dietary', 'gluten_free', NULL, NULL, '1');
INSERT INTO `menu_item_icons` (`id`, `item_id`, `icon_type`, `icon_name`, `icon_path`, `tooltip_text`, `display_order`) VALUES ('41', '140', 'dietary', 'gluten_free', NULL, NULL, '1');
INSERT INTO `menu_item_icons` (`id`, `item_id`, `icon_type`, `icon_name`, `icon_path`, `tooltip_text`, `display_order`) VALUES ('42', '141', 'dietary', 'gluten_free', NULL, NULL, '1');
INSERT INTO `menu_item_icons` (`id`, `item_id`, `icon_type`, `icon_name`, `icon_path`, `tooltip_text`, `display_order`) VALUES ('43', '142', 'dietary', 'gluten_free', NULL, NULL, '1');
INSERT INTO `menu_item_icons` (`id`, `item_id`, `icon_type`, `icon_name`, `icon_path`, `tooltip_text`, `display_order`) VALUES ('44', '145', 'dietary', 'gluten_free', NULL, NULL, '1');
INSERT INTO `menu_item_icons` (`id`, `item_id`, `icon_type`, `icon_name`, `icon_path`, `tooltip_text`, `display_order`) VALUES ('45', '146', 'dietary', 'gluten_free', NULL, NULL, '1');
INSERT INTO `menu_item_icons` (`id`, `item_id`, `icon_type`, `icon_name`, `icon_path`, `tooltip_text`, `display_order`) VALUES ('46', '148', 'dietary', 'gluten_free', NULL, NULL, '1');
INSERT INTO `menu_item_icons` (`id`, `item_id`, `icon_type`, `icon_name`, `icon_path`, `tooltip_text`, `display_order`) VALUES ('47', '149', 'dietary', 'gluten_free', NULL, NULL, '1');
INSERT INTO `menu_item_icons` (`id`, `item_id`, `icon_type`, `icon_name`, `icon_path`, `tooltip_text`, `display_order`) VALUES ('48', '150', 'dietary', 'gluten_free', NULL, NULL, '1');
INSERT INTO `menu_item_icons` (`id`, `item_id`, `icon_type`, `icon_name`, `icon_path`, `tooltip_text`, `display_order`) VALUES ('49', '152', 'dietary', 'gluten_free', NULL, NULL, '1');
INSERT INTO `menu_item_icons` (`id`, `item_id`, `icon_type`, `icon_name`, `icon_path`, `tooltip_text`, `display_order`) VALUES ('50', '156', 'dietary', 'gluten_free', NULL, NULL, '1');
INSERT INTO `menu_item_icons` (`id`, `item_id`, `icon_type`, `icon_name`, `icon_path`, `tooltip_text`, `display_order`) VALUES ('51', '157', 'dietary', 'vegan', NULL, NULL, '2');
INSERT INTO `menu_item_icons` (`id`, `item_id`, `icon_type`, `icon_name`, `icon_path`, `tooltip_text`, `display_order`) VALUES ('52', '160', 'dietary', 'gluten_free', NULL, NULL, '1');
INSERT INTO `menu_item_icons` (`id`, `item_id`, `icon_type`, `icon_name`, `icon_path`, `tooltip_text`, `display_order`) VALUES ('53', '162', 'dietary', 'gluten_free', NULL, NULL, '1');
INSERT INTO `menu_item_icons` (`id`, `item_id`, `icon_type`, `icon_name`, `icon_path`, `tooltip_text`, `display_order`) VALUES ('54', '163', 'dietary', 'gluten_free', NULL, NULL, '1');
INSERT INTO `menu_item_icons` (`id`, `item_id`, `icon_type`, `icon_name`, `icon_path`, `tooltip_text`, `display_order`) VALUES ('55', '165', 'dietary', 'gluten_free', NULL, NULL, '1');
INSERT INTO `menu_item_icons` (`id`, `item_id`, `icon_type`, `icon_name`, `icon_path`, `tooltip_text`, `display_order`) VALUES ('56', '166', 'dietary', 'gluten_free', NULL, NULL, '1');
INSERT INTO `menu_item_icons` (`id`, `item_id`, `icon_type`, `icon_name`, `icon_path`, `tooltip_text`, `display_order`) VALUES ('57', '167', 'dietary', 'gluten_free', NULL, NULL, '1');

-- Structure for table `menu_item_images`
DROP TABLE IF EXISTS `menu_item_images`;
CREATE TABLE `menu_item_images` (
  `id` int NOT NULL AUTO_INCREMENT,
  `item_id` int NOT NULL,
  `image_path` varchar(500) COLLATE utf8mb4_unicode_ci NOT NULL,
  `alt_text` varchar(255) COLLATE utf8mb4_unicode_ci DEFAULT NULL,
  `caption` text COLLATE utf8mb4_unicode_ci,
  `is_primary` tinyint(1) DEFAULT '0',
  `is_featured` tinyint(1) DEFAULT '0',
  `display_order` int DEFAULT '0',
  `uploaded_at` timestamp NULL DEFAULT CURRENT_TIMESTAMP,
  PRIMARY KEY (`id`),
  KEY `idx_item_primary` (`item_id`,`is_primary`),
  KEY `idx_item_order` (`item_id`,`display_order`),
  KEY `idx_featured` (`is_featured`),
  CONSTRAINT `menu_item_images_ibfk_1` FOREIGN KEY (`item_id`) REFERENCES `menu_items` (`id`) ON DELETE CASCADE
) ENGINE=InnoDB AUTO_INCREMENT=29 DEFAULT CHARSET=utf8mb4 COLLATE=utf8mb4_unicode_ci;

-- Data for table `menu_item_images`
INSERT INTO `menu_item_images` (`id`, `item_id`, `image_path`, `alt_text`, `caption`, `is_primary`, `is_featured`, `display_order`, `uploaded_at`) VALUES ('18', '3', 'wp/wp-content/uploads/2025/07/food-Curry-Empenada.jpg', 'Curry Empanada', NULL, '1', '0', '1', '2025-07-28 16:44:49');
INSERT INTO `menu_item_images` (`id`, `item_id`, `image_path`, `alt_text`, `caption`, `is_primary`, `is_featured`, `display_order`, `uploaded_at`) VALUES ('19', '7', 'wp/wp-content/uploads/2025/07/Plate-Duck-Empanada.jpg', 'Duck Empanada', NULL, '1', '0', '1', '2025-07-28 16:44:49');
INSERT INTO `menu_item_images` (`id`, `item_id`, `image_path`, `alt_text`, `caption`, `is_primary`, `is_featured`, `display_order`, `uploaded_at`) VALUES ('20', '28', 'wp/wp-content/uploads/2025/07/Plate-Grillex-Mix-Bread-Board.jpg', 'Grilled Mixed Bread Board', NULL, '1', '0', '1', '2025-07-28 16:44:50');
INSERT INTO `menu_item_images` (`id`, `item_id`, `image_path`, `alt_text`, `caption`, `is_primary`, `is_featured`, `display_order`, `uploaded_at`) VALUES ('21', '30', 'wp/wp-content/uploads/2025/07/Plate-Grilled-Octopus.jpg', 'Grilled Octopus', NULL, '1', '0', '1', '2025-07-28 16:44:50');
INSERT INTO `menu_item_images` (`id`, `item_id`, `image_path`, `alt_text`, `caption`, `is_primary`, `is_featured`, `display_order`, `uploaded_at`) VALUES ('22', '34', 'wp/wp-content/uploads/2025/07/Plate-Portobello-Mushroom-600x600.jpg', 'Grilled Portobello Mushroom', NULL, '1', '0', '1', '2025-07-28 16:44:50');
INSERT INTO `menu_item_images` (`id`, `item_id`, `image_path`, `alt_text`, `caption`, `is_primary`, `is_featured`, `display_order`, `uploaded_at`) VALUES ('23', '41', 'wp/wp-content/uploads/2025/07/Plate-Beef-Jerky.jpg', 'Beef Jerky', NULL, '1', '0', '1', '2025-07-28 16:44:50');
INSERT INTO `menu_item_images` (`id`, `item_id`, `image_path`, `alt_text`, `caption`, `is_primary`, `is_featured`, `display_order`, `uploaded_at`) VALUES ('24', '53', 'wp/wp-content/uploads/2025/07/food-Cheesy-Tator-Tot.jpg', 'Cheesy Tater Tots', NULL, '1', '0', '1', '2025-07-28 16:44:50');
INSERT INTO `menu_item_images` (`id`, `item_id`, `image_path`, `alt_text`, `caption`, `is_primary`, `is_featured`, `display_order`, `uploaded_at`) VALUES ('25', '128', 'wp/wp-content/uploads/2025/07/food-BBQ-Baby-Back-Ribs.jpg', 'BBQ Baby Back Ribs', NULL, '1', '0', '1', '2025-07-28 16:44:52');
INSERT INTO `menu_item_images` (`id`, `item_id`, `image_path`, `alt_text`, `caption`, `is_primary`, `is_featured`, `display_order`, `uploaded_at`) VALUES ('26', '129', 'wp/wp-content/uploads/2025/07/food-Slider-Sampler.jpg', 'Slider Sampler', NULL, '1', '0', '1', '2025-07-28 16:44:52');
INSERT INTO `menu_item_images` (`id`, `item_id`, `image_path`, `alt_text`, `caption`, `is_primary`, `is_featured`, `display_order`, `uploaded_at`) VALUES ('27', '130', 'wp/wp-content/uploads/2025/07/food-Crispy-Crab-Bites.jpg', 'Crispy Crab Bites', NULL, '1', '0', '1', '2025-07-28 16:44:52');
INSERT INTO `menu_item_images` (`id`, `item_id`, `image_path`, `alt_text`, `caption`, `is_primary`, `is_featured`, `display_order`, `uploaded_at`) VALUES ('28', '167', 'wp/wp-content/uploads/2025/07/food-Chicken-Satay.jpg', 'Chicken Satay', NULL, '1', '0', '1', '2025-07-28 16:44:52');

-- Structure for table `menu_items`
DROP TABLE IF EXISTS `menu_items`;
CREATE TABLE `menu_items` (
  `id` int NOT NULL AUTO_INCREMENT,
  `section_id` int NOT NULL,
  `name` varchar(255) COLLATE utf8mb4_unicode_ci NOT NULL,
  `description` text COLLATE utf8mb4_unicode_ci,
  `price` decimal(10,2) DEFAULT NULL,
  `dietary_info` text COLLATE utf8mb4_unicode_ci,
  `ingredients` text COLLATE utf8mb4_unicode_ci,
  `allergen_info` text COLLATE utf8mb4_unicode_ci,
  `spice_level` enum('mild','medium','hot','very_hot') COLLATE utf8mb4_unicode_ci DEFAULT NULL,
  `display_order` int DEFAULT '0',
  `is_available` tinyint(1) DEFAULT '1',
  `is_featured` tinyint(1) DEFAULT '0',
  `created_at` timestamp NULL DEFAULT CURRENT_TIMESTAMP,
  `updated_at` timestamp NULL DEFAULT CURRENT_TIMESTAMP ON UPDATE CURRENT_TIMESTAMP,
  `is_hidden` tinyint(1) DEFAULT '0',
  `appears_on_specials` tinyint(1) DEFAULT '0',
  PRIMARY KEY (`id`),
  KEY `idx_section_available_order` (`section_id`,`is_available`,`display_order`),
  KEY `idx_featured` (`is_featured`),
  KEY `idx_section_id` (`section_id`),
  KEY `idx_price` (`price`),
  CONSTRAINT `menu_items_ibfk_1` FOREIGN KEY (`section_id`) REFERENCES `menu_sections` (`id`) ON DELETE CASCADE
) ENGINE=InnoDB AUTO_INCREMENT=168 DEFAULT CHARSET=utf8mb4 COLLATE=utf8mb4_unicode_ci;

-- Data for table `menu_items`
INSERT INTO `menu_items` (`id`, `section_id`, `name`, `description`, `price`, `dietary_info`, `ingredients`, `allergen_info`, `spice_level`, `display_order`, `is_available`, `is_featured`, `created_at`, `updated_at`, `is_hidden`, `appears_on_specials`) VALUES ('1', '3', 'Blue Crab Empanada', NULL, '6.00', NULL, NULL, NULL, NULL, '1', '1', '0', '2025-07-28 16:44:49', '2025-07-28 16:44:49', '0', '0');
INSERT INTO `menu_items` (`id`, `section_id`, `name`, `description`, `price`, `dietary_info`, `ingredients`, `allergen_info`, `spice_level`, `display_order`, `is_available`, `is_featured`, `created_at`, `updated_at`, `is_hidden`, `appears_on_specials`) VALUES ('2', '3', 'Mini Duck Burger & Fries', NULL, '12.00', NULL, NULL, NULL, NULL, '2', '1', '0', '2025-07-28 16:44:49', '2025-07-28 16:44:49', '0', '0');
INSERT INTO `menu_items` (`id`, `section_id`, `name`, `description`, `price`, `dietary_info`, `ingredients`, `allergen_info`, `spice_level`, `display_order`, `is_available`, `is_featured`, `created_at`, `updated_at`, `is_hidden`, `appears_on_specials`) VALUES ('3', '3', 'Curry Empanada', NULL, '7.00', NULL, NULL, NULL, NULL, '3', '1', '0', '2025-07-28 16:44:49', '2025-07-28 16:44:49', '0', '0');
INSERT INTO `menu_items` (`id`, `section_id`, `name`, `description`, `price`, `dietary_info`, `ingredients`, `allergen_info`, `spice_level`, `display_order`, `is_available`, `is_featured`, `created_at`, `updated_at`, `is_hidden`, `appears_on_specials`) VALUES ('4', '3', 'Mini Kobe Burger & Fries', NULL, '12.00', NULL, NULL, NULL, NULL, '4', '1', '0', '2025-07-28 16:44:49', '2025-07-28 16:44:49', '0', '0');
INSERT INTO `menu_items` (`id`, `section_id`, `name`, `description`, `price`, `dietary_info`, `ingredients`, `allergen_info`, `spice_level`, `display_order`, `is_available`, `is_featured`, `created_at`, `updated_at`, `is_hidden`, `appears_on_specials`) VALUES ('5', '3', 'Curry Mussels', NULL, '12.00', 'Gluten-Free', NULL, NULL, NULL, '5', '1', '0', '2025-07-28 16:44:49', '2025-07-28 16:44:49', '0', '0');
INSERT INTO `menu_items` (`id`, `section_id`, `name`, `description`, `price`, `dietary_info`, `ingredients`, `allergen_info`, `spice_level`, `display_order`, `is_available`, `is_featured`, `created_at`, `updated_at`, `is_hidden`, `appears_on_specials`) VALUES ('6', '3', 'Pork Belly Bun', NULL, '7.00', NULL, NULL, NULL, NULL, '6', '1', '0', '2025-07-28 16:44:49', '2025-07-28 16:44:49', '0', '0');
INSERT INTO `menu_items` (`id`, `section_id`, `name`, `description`, `price`, `dietary_info`, `ingredients`, `allergen_info`, `spice_level`, `display_order`, `is_available`, `is_featured`, `created_at`, `updated_at`, `is_hidden`, `appears_on_specials`) VALUES ('7', '3', 'Duck Empanada', NULL, '6.00', NULL, NULL, NULL, NULL, '7', '1', '0', '2025-07-28 16:44:49', '2025-07-28 16:44:49', '0', '0');
INSERT INTO `menu_items` (`id`, `section_id`, `name`, `description`, `price`, `dietary_info`, `ingredients`, `allergen_info`, `spice_level`, `display_order`, `is_available`, `is_featured`, `created_at`, `updated_at`, `is_hidden`, `appears_on_specials`) VALUES ('8', '3', 'Roasted Bacon Oyster', NULL, '12.00', 'Gluten-Free', NULL, NULL, NULL, '8', '1', '0', '2025-07-28 16:44:49', '2025-07-28 16:44:49', '0', '0');
INSERT INTO `menu_items` (`id`, `section_id`, `name`, `description`, `price`, `dietary_info`, `ingredients`, `allergen_info`, `spice_level`, `display_order`, `is_available`, `is_featured`, `created_at`, `updated_at`, `is_hidden`, `appears_on_specials`) VALUES ('9', '3', 'Edamame', NULL, '5.00', 'Gluten-Free', NULL, NULL, NULL, '9', '1', '0', '2025-07-28 16:44:49', '2025-07-28 16:44:49', '0', '0');
INSERT INTO `menu_items` (`id`, `section_id`, `name`, `description`, `price`, `dietary_info`, `ingredients`, `allergen_info`, `spice_level`, `display_order`, `is_available`, `is_featured`, `created_at`, `updated_at`, `is_hidden`, `appears_on_specials`) VALUES ('10', '3', 'Roasted Duck Bun', NULL, '7.00', NULL, NULL, NULL, NULL, '10', '1', '0', '2025-07-28 16:44:49', '2025-07-28 16:44:49', '0', '0');
INSERT INTO `menu_items` (`id`, `section_id`, `name`, `description`, `price`, `dietary_info`, `ingredients`, `allergen_info`, `spice_level`, `display_order`, `is_available`, `is_featured`, `created_at`, `updated_at`, `is_hidden`, `appears_on_specials`) VALUES ('11', '3', 'French Fries', NULL, '5.00', NULL, NULL, NULL, NULL, '11', '1', '0', '2025-07-28 16:44:49', '2025-07-28 16:44:49', '0', '0');
INSERT INTO `menu_items` (`id`, `section_id`, `name`, `description`, `price`, `dietary_info`, `ingredients`, `allergen_info`, `spice_level`, `display_order`, `is_available`, `is_featured`, `created_at`, `updated_at`, `is_hidden`, `appears_on_specials`) VALUES ('12', '3', 'Spicy Pork Dumplings', NULL, '6.00', NULL, NULL, NULL, NULL, '12', '1', '0', '2025-07-28 16:44:49', '2025-07-28 16:44:49', '0', '0');
INSERT INTO `menu_items` (`id`, `section_id`, `name`, `description`, `price`, `dietary_info`, `ingredients`, `allergen_info`, `spice_level`, `display_order`, `is_available`, `is_featured`, `created_at`, `updated_at`, `is_hidden`, `appears_on_specials`) VALUES ('13', '3', 'Mini Crab Burger & Fries', NULL, '12.00', NULL, NULL, NULL, NULL, '13', '1', '0', '2025-07-28 16:44:49', '2025-07-28 16:44:49', '0', '0');
INSERT INTO `menu_items` (`id`, `section_id`, `name`, `description`, `price`, `dietary_info`, `ingredients`, `allergen_info`, `spice_level`, `display_order`, `is_available`, `is_featured`, `created_at`, `updated_at`, `is_hidden`, `appears_on_specials`) VALUES ('14', '3', 'Spicy Shrimp Dumplings', NULL, '6.00', NULL, NULL, NULL, NULL, '14', '1', '0', '2025-07-28 16:44:49', '2025-07-28 16:44:49', '0', '0');
INSERT INTO `menu_items` (`id`, `section_id`, `name`, `description`, `price`, `dietary_info`, `ingredients`, `allergen_info`, `spice_level`, `display_order`, `is_available`, `is_featured`, `created_at`, `updated_at`, `is_hidden`, `appears_on_specials`) VALUES ('15', '10', 'Coke Products', NULL, '3.00', NULL, NULL, NULL, NULL, '1', '1', '0', '2025-07-28 16:44:49', '2025-07-28 16:44:49', '0', '0');
INSERT INTO `menu_items` (`id`, `section_id`, `name`, `description`, `price`, `dietary_info`, `ingredients`, `allergen_info`, `spice_level`, `display_order`, `is_available`, `is_featured`, `created_at`, `updated_at`, `is_hidden`, `appears_on_specials`) VALUES ('16', '10', 'Jade Bramble', 'Mint, Watermelon, Lemon, Sugar and Sprite.', '8.00', NULL, NULL, NULL, NULL, '2', '1', '0', '2025-07-28 16:44:49', '2025-07-28 16:44:49', '0', '0');
INSERT INTO `menu_items` (`id`, `section_id`, `name`, `description`, `price`, `dietary_info`, `ingredients`, `allergen_info`, `spice_level`, `display_order`, `is_available`, `is_featured`, `created_at`, `updated_at`, `is_hidden`, `appears_on_specials`) VALUES ('17', '10', 'Dassai Sake, 45 Nigori Junmai Daiginjo (720ml)', NULL, '59.00', NULL, NULL, NULL, NULL, '3', '1', '0', '2025-07-28 16:44:49', '2025-07-28 16:44:49', '0', '0');
INSERT INTO `menu_items` (`id`, `section_id`, `name`, `description`, `price`, `dietary_info`, `ingredients`, `allergen_info`, `spice_level`, `display_order`, `is_available`, `is_featured`, `created_at`, `updated_at`, `is_hidden`, `appears_on_specials`) VALUES ('18', '10', 'Pellegrino 1L', NULL, '10.00', NULL, NULL, NULL, NULL, '4', '1', '0', '2025-07-28 16:44:49', '2025-07-28 16:44:49', '0', '0');
INSERT INTO `menu_items` (`id`, `section_id`, `name`, `description`, `price`, `dietary_info`, `ingredients`, `allergen_info`, `spice_level`, `display_order`, `is_available`, `is_featured`, `created_at`, `updated_at`, `is_hidden`, `appears_on_specials`) VALUES ('19', '10', 'Dassai Sake, 45 Nigori Junmai Daiginjo (glass)', NULL, '15.00', NULL, NULL, NULL, NULL, '5', '1', '0', '2025-07-28 16:44:49', '2025-07-28 16:44:49', '0', '0');
INSERT INTO `menu_items` (`id`, `section_id`, `name`, `description`, `price`, `dietary_info`, `ingredients`, `allergen_info`, `spice_level`, `display_order`, `is_available`, `is_featured`, `created_at`, `updated_at`, `is_hidden`, `appears_on_specials`) VALUES ('20', '10', 'Tropic Breeze', 'Pineapple, Orange, Coconut Water, Orgeat and Lemon.', '8.00', NULL, NULL, NULL, NULL, '6', '1', '0', '2025-07-28 16:44:49', '2025-07-28 16:44:49', '0', '0');
INSERT INTO `menu_items` (`id`, `section_id`, `name`, `description`, `price`, `dietary_info`, `ingredients`, `allergen_info`, `spice_level`, `display_order`, `is_available`, `is_featured`, `created_at`, `updated_at`, `is_hidden`, `appears_on_specials`) VALUES ('21', '10', 'Acqua Panna 1L', NULL, '10.00', NULL, NULL, NULL, NULL, '7', '1', '0', '2025-07-28 16:44:50', '2025-07-28 16:44:50', '0', '0');
INSERT INTO `menu_items` (`id`, `section_id`, `name`, `description`, `price`, `dietary_info`, `ingredients`, `allergen_info`, `spice_level`, `display_order`, `is_available`, `is_featured`, `created_at`, `updated_at`, `is_hidden`, `appears_on_specials`) VALUES ('22', '7', 'Crab Fried Rice', NULL, '9.00', NULL, NULL, NULL, NULL, '1', '1', '0', '2025-07-28 16:44:50', '2025-07-28 16:44:50', '0', '0');
INSERT INTO `menu_items` (`id`, `section_id`, `name`, `description`, `price`, `dietary_info`, `ingredients`, `allergen_info`, `spice_level`, `display_order`, `is_available`, `is_featured`, `created_at`, `updated_at`, `is_hidden`, `appears_on_specials`) VALUES ('23', '7', 'Rice', NULL, '3.00', 'Gluten-Free', NULL, NULL, NULL, '2', '1', '0', '2025-07-28 16:44:50', '2025-07-28 16:44:50', '0', '0');
INSERT INTO `menu_items` (`id`, `section_id`, `name`, `description`, `price`, `dietary_info`, `ingredients`, `allergen_info`, `spice_level`, `display_order`, `is_available`, `is_featured`, `created_at`, `updated_at`, `is_hidden`, `appears_on_specials`) VALUES ('24', '5', 'Crying Tiger - Grilled Steak (Medium Rare)', NULL, '7.00', NULL, NULL, NULL, NULL, '1', '1', '0', '2025-07-28 16:44:50', '2025-07-28 16:44:50', '0', '0');
INSERT INTO `menu_items` (`id`, `section_id`, `name`, `description`, `price`, `dietary_info`, `ingredients`, `allergen_info`, `spice_level`, `display_order`, `is_available`, `is_featured`, `created_at`, `updated_at`, `is_hidden`, `appears_on_specials`) VALUES ('25', '5', 'Grilled Salmon', NULL, '19.00', 'Gluten-Free', NULL, NULL, NULL, '2', '1', '0', '2025-07-28 16:44:50', '2025-07-28 16:44:50', '0', '0');
INSERT INTO `menu_items` (`id`, `section_id`, `name`, `description`, `price`, `dietary_info`, `ingredients`, `allergen_info`, `spice_level`, `display_order`, `is_available`, `is_featured`, `created_at`, `updated_at`, `is_hidden`, `appears_on_specials`) VALUES ('26', '5', 'Grilled Chicken', NULL, '16.00', 'Gluten-Free', NULL, NULL, NULL, '3', '1', '0', '2025-07-28 16:44:50', '2025-07-28 16:44:50', '0', '0');
INSERT INTO `menu_items` (`id`, `section_id`, `name`, `description`, `price`, `dietary_info`, `ingredients`, `allergen_info`, `spice_level`, `display_order`, `is_available`, `is_featured`, `created_at`, `updated_at`, `is_hidden`, `appears_on_specials`) VALUES ('27', '5', 'Grilled Snapper', NULL, '19.00', 'Gluten-Free', NULL, NULL, NULL, '4', '1', '0', '2025-07-28 16:44:50', '2025-07-28 16:44:50', '0', '0');
INSERT INTO `menu_items` (`id`, `section_id`, `name`, `description`, `price`, `dietary_info`, `ingredients`, `allergen_info`, `spice_level`, `display_order`, `is_available`, `is_featured`, `created_at`, `updated_at`, `is_hidden`, `appears_on_specials`) VALUES ('28', '5', 'Grilled Mixed Bread Board', NULL, '9.00', NULL, NULL, NULL, NULL, '5', '1', '0', '2025-07-28 16:44:50', '2025-07-28 16:44:50', '0', '0');
INSERT INTO `menu_items` (`id`, `section_id`, `name`, `description`, `price`, `dietary_info`, `ingredients`, `allergen_info`, `spice_level`, `display_order`, `is_available`, `is_featured`, `created_at`, `updated_at`, `is_hidden`, `appears_on_specials`) VALUES ('29', '5', 'Grilled Steak', NULL, '19.00', NULL, NULL, NULL, NULL, '6', '1', '0', '2025-07-28 16:44:50', '2025-07-28 16:44:50', '0', '0');
INSERT INTO `menu_items` (`id`, `section_id`, `name`, `description`, `price`, `dietary_info`, `ingredients`, `allergen_info`, `spice_level`, `display_order`, `is_available`, `is_featured`, `created_at`, `updated_at`, `is_hidden`, `appears_on_specials`) VALUES ('30', '5', 'Grilled Octopus', NULL, '12.00', NULL, NULL, NULL, NULL, '7', '1', '1', '2025-07-28 16:44:50', '2025-07-28 16:44:50', '0', '0');
INSERT INTO `menu_items` (`id`, `section_id`, `name`, `description`, `price`, `dietary_info`, `ingredients`, `allergen_info`, `spice_level`, `display_order`, `is_available`, `is_featured`, `created_at`, `updated_at`, `is_hidden`, `appears_on_specials`) VALUES ('31', '5', 'Grilled Tuna', NULL, '19.00', 'Gluten-Free', NULL, NULL, NULL, '8', '1', '0', '2025-07-28 16:44:50', '2025-07-28 16:44:50', '0', '0');
INSERT INTO `menu_items` (`id`, `section_id`, `name`, `description`, `price`, `dietary_info`, `ingredients`, `allergen_info`, `spice_level`, `display_order`, `is_available`, `is_featured`, `created_at`, `updated_at`, `is_hidden`, `appears_on_specials`) VALUES ('32', '5', 'Grilled Pork Belly', NULL, '16.00', NULL, NULL, NULL, NULL, '9', '1', '0', '2025-07-28 16:44:50', '2025-07-28 16:44:50', '0', '0');
INSERT INTO `menu_items` (`id`, `section_id`, `name`, `description`, `price`, `dietary_info`, `ingredients`, `allergen_info`, `spice_level`, `display_order`, `is_available`, `is_featured`, `created_at`, `updated_at`, `is_hidden`, `appears_on_specials`) VALUES ('33', '5', 'Grilled Veggie/Tofu', NULL, '15.00', 'Vegan', NULL, NULL, NULL, '10', '1', '0', '2025-07-28 16:44:50', '2025-07-28 16:44:50', '0', '0');
INSERT INTO `menu_items` (`id`, `section_id`, `name`, `description`, `price`, `dietary_info`, `ingredients`, `allergen_info`, `spice_level`, `display_order`, `is_available`, `is_featured`, `created_at`, `updated_at`, `is_hidden`, `appears_on_specials`) VALUES ('34', '5', 'Grilled Portobello Mushroom', NULL, '7.00', NULL, NULL, NULL, NULL, '11', '1', '0', '2025-07-28 16:44:50', '2025-07-28 16:44:50', '0', '0');
INSERT INTO `menu_items` (`id`, `section_id`, `name`, `description`, `price`, `dietary_info`, `ingredients`, `allergen_info`, `spice_level`, `display_order`, `is_available`, `is_featured`, `created_at`, `updated_at`, `is_hidden`, `appears_on_specials`) VALUES ('35', '16', 'Amabuki Marigold (720ml)', NULL, '58.00', NULL, NULL, NULL, NULL, '1', '1', '0', '2025-07-28 16:44:50', '2025-07-28 16:44:50', '0', '0');
INSERT INTO `menu_items` (`id`, `section_id`, `name`, `description`, `price`, `dietary_info`, `ingredients`, `allergen_info`, `spice_level`, `display_order`, `is_available`, `is_featured`, `created_at`, `updated_at`, `is_hidden`, `appears_on_specials`) VALUES ('36', '16', 'Pazo Das Bruxas Albarino - Rias Baixas (glass)', NULL, '14.00', NULL, NULL, NULL, NULL, '2', '1', '0', '2025-07-28 16:44:50', '2025-07-28 16:44:50', '0', '0');
INSERT INTO `menu_items` (`id`, `section_id`, `name`, `description`, `price`, `dietary_info`, `ingredients`, `allergen_info`, `spice_level`, `display_order`, `is_available`, `is_featured`, `created_at`, `updated_at`, `is_hidden`, `appears_on_specials`) VALUES ('37', '16', 'Amabuki Marigold (glass)', NULL, '14.00', NULL, NULL, NULL, NULL, '3', '1', '0', '2025-07-28 16:44:50', '2025-07-28 16:44:50', '0', '0');
INSERT INTO `menu_items` (`id`, `section_id`, `name`, `description`, `price`, `dietary_info`, `ingredients`, `allergen_info`, `spice_level`, `display_order`, `is_available`, `is_featured`, `created_at`, `updated_at`, `is_hidden`, `appears_on_specials`) VALUES ('38', '16', 'Pessimist Red Blend - Paso Robles (bottle)', NULL, '38.00', NULL, NULL, NULL, NULL, '4', '1', '0', '2025-07-28 16:44:50', '2025-07-28 16:44:50', '0', '0');
INSERT INTO `menu_items` (`id`, `section_id`, `name`, `description`, `price`, `dietary_info`, `ingredients`, `allergen_info`, `spice_level`, `display_order`, `is_available`, `is_featured`, `created_at`, `updated_at`, `is_hidden`, `appears_on_specials`) VALUES ('39', '16', 'Beef', NULL, '6.00', NULL, NULL, NULL, NULL, '5', '1', '0', '2025-07-28 16:44:50', '2025-07-28 16:44:50', '0', '0');
INSERT INTO `menu_items` (`id`, `section_id`, `name`, `description`, `price`, `dietary_info`, `ingredients`, `allergen_info`, `spice_level`, `display_order`, `is_available`, `is_featured`, `created_at`, `updated_at`, `is_hidden`, `appears_on_specials`) VALUES ('40', '16', 'Pessimist Red Blend - Paso Robles (glass)', NULL, '12.00', NULL, NULL, NULL, NULL, '6', '1', '0', '2025-07-28 16:44:50', '2025-07-28 16:44:50', '0', '0');
INSERT INTO `menu_items` (`id`, `section_id`, `name`, `description`, `price`, `dietary_info`, `ingredients`, `allergen_info`, `spice_level`, `display_order`, `is_available`, `is_featured`, `created_at`, `updated_at`, `is_hidden`, `appears_on_specials`) VALUES ('41', '16', 'Beef Jerky', NULL, '7.00', 'Gluten-Free', NULL, NULL, NULL, '7', '1', '1', '2025-07-28 16:44:50', '2025-07-28 18:00:54', '0', '0');
INSERT INTO `menu_items` (`id`, `section_id`, `name`, `description`, `price`, `dietary_info`, `ingredients`, `allergen_info`, `spice_level`, `display_order`, `is_available`, `is_featured`, `created_at`, `updated_at`, `is_hidden`, `appears_on_specials`) VALUES ('42', '16', 'Plate Tomato Soup', 'Thyme, coconut curry, goat cheese and croutons.', '8.00', NULL, NULL, NULL, NULL, '8', '1', '0', '2025-07-28 16:44:50', '2025-07-28 16:44:50', '0', '0');
INSERT INTO `menu_items` (`id`, `section_id`, `name`, `description`, `price`, `dietary_info`, `ingredients`, `allergen_info`, `spice_level`, `display_order`, `is_available`, `is_featured`, `created_at`, `updated_at`, `is_hidden`, `appears_on_specials`) VALUES ('43', '16', 'Blood Moon', 'Wheatley Vodka * Blood Orange * Cranberry * Lime', '14.00', NULL, NULL, NULL, NULL, '9', '1', '0', '2025-07-28 16:44:50', '2025-07-28 16:44:50', '0', '0');
INSERT INTO `menu_items` (`id`, `section_id`, `name`, `description`, `price`, `dietary_info`, `ingredients`, `allergen_info`, `spice_level`, `display_order`, `is_available`, `is_featured`, `created_at`, `updated_at`, `is_hidden`, `appears_on_specials`) VALUES ('44', '16', 'Pork', NULL, '6.00', NULL, NULL, NULL, NULL, '10', '1', '0', '2025-07-28 16:44:50', '2025-07-28 16:44:50', '0', '0');
INSERT INTO `menu_items` (`id`, `section_id`, `name`, `description`, `price`, `dietary_info`, `ingredients`, `allergen_info`, `spice_level`, `display_order`, `is_available`, `is_featured`, `created_at`, `updated_at`, `is_hidden`, `appears_on_specials`) VALUES ('45', '16', 'Bluefin Tuna', NULL, '7.00', NULL, NULL, NULL, NULL, '11', '1', '0', '2025-07-28 16:44:50', '2025-07-28 16:44:50', '0', '0');
INSERT INTO `menu_items` (`id`, `section_id`, `name`, `description`, `price`, `dietary_info`, `ingredients`, `allergen_info`, `spice_level`, `display_order`, `is_available`, `is_featured`, `created_at`, `updated_at`, `is_hidden`, `appears_on_specials`) VALUES ('46', '16', 'Pork Belly', 'Pork belly, steamed rice, caramelized onion, broccoli, sweet potatoes, carrots and avocado.', '16.00', NULL, NULL, NULL, NULL, '12', '1', '0', '2025-07-28 16:44:50', '2025-07-28 16:44:50', '0', '0');
INSERT INTO `menu_items` (`id`, `section_id`, `name`, `description`, `price`, `dietary_info`, `ingredients`, `allergen_info`, `spice_level`, `display_order`, `is_available`, `is_featured`, `created_at`, `updated_at`, `is_hidden`, `appears_on_specials`) VALUES ('47', '16', 'Borgo Scopeto, Toscana Borgonero - Tuscany, Italy (bottle)', NULL, '38.00', NULL, NULL, NULL, NULL, '13', '1', '0', '2025-07-28 16:44:50', '2025-07-28 16:44:50', '0', '0');
INSERT INTO `menu_items` (`id`, `section_id`, `name`, `description`, `price`, `dietary_info`, `ingredients`, `allergen_info`, `spice_level`, `display_order`, `is_available`, `is_featured`, `created_at`, `updated_at`, `is_hidden`, `appears_on_specials`) VALUES ('48', '16', 'Salmon Ponzu', NULL, '7.00', NULL, NULL, NULL, NULL, '14', '1', '0', '2025-07-28 16:44:50', '2025-07-28 16:44:50', '0', '0');
INSERT INTO `menu_items` (`id`, `section_id`, `name`, `description`, `price`, `dietary_info`, `ingredients`, `allergen_info`, `spice_level`, `display_order`, `is_available`, `is_featured`, `created_at`, `updated_at`, `is_hidden`, `appears_on_specials`) VALUES ('49', '16', 'Borgo Scopeto, Toscana Borgonero - Tuscany, Italy (glass)', NULL, '12.00', NULL, NULL, NULL, NULL, '15', '1', '0', '2025-07-28 16:44:50', '2025-07-28 16:44:50', '0', '0');
INSERT INTO `menu_items` (`id`, `section_id`, `name`, `description`, `price`, `dietary_info`, `ingredients`, `allergen_info`, `spice_level`, `display_order`, `is_available`, `is_featured`, `created_at`, `updated_at`, `is_hidden`, `appears_on_specials`) VALUES ('50', '16', 'Salmon Toro', NULL, '6.00', NULL, NULL, NULL, NULL, '16', '1', '0', '2025-07-28 16:44:50', '2025-07-28 16:44:50', '0', '0');
INSERT INTO `menu_items` (`id`, `section_id`, `name`, `description`, `price`, `dietary_info`, `ingredients`, `allergen_info`, `spice_level`, `display_order`, `is_available`, `is_featured`, `created_at`, `updated_at`, `is_hidden`, `appears_on_specials`) VALUES ('51', '16', 'Calamari Steak', NULL, '6.00', NULL, NULL, NULL, NULL, '17', '1', '0', '2025-07-28 16:44:50', '2025-07-28 16:44:50', '0', '0');
INSERT INTO `menu_items` (`id`, `section_id`, `name`, `description`, `price`, `dietary_info`, `ingredients`, `allergen_info`, `spice_level`, `display_order`, `is_available`, `is_featured`, `created_at`, `updated_at`, `is_hidden`, `appears_on_specials`) VALUES ('52', '16', 'Scarpetta Prosseco - Italy (bottle)', NULL, '30.00', NULL, NULL, NULL, NULL, '18', '1', '0', '2025-07-28 16:44:50', '2025-07-28 16:44:50', '0', '0');
INSERT INTO `menu_items` (`id`, `section_id`, `name`, `description`, `price`, `dietary_info`, `ingredients`, `allergen_info`, `spice_level`, `display_order`, `is_available`, `is_featured`, `created_at`, `updated_at`, `is_hidden`, `appears_on_specials`) VALUES ('53', '16', 'Cheesy Tater Tots', NULL, '7.00', NULL, NULL, NULL, NULL, '19', '1', '0', '2025-07-28 16:44:50', '2025-07-28 16:44:50', '0', '0');
INSERT INTO `menu_items` (`id`, `section_id`, `name`, `description`, `price`, `dietary_info`, `ingredients`, `allergen_info`, `spice_level`, `display_order`, `is_available`, `is_featured`, `created_at`, `updated_at`, `is_hidden`, `appears_on_specials`) VALUES ('54', '16', 'Scarpetta Prosseco - Italy (glass)', NULL, '10.00', NULL, NULL, NULL, NULL, '20', '1', '0', '2025-07-28 16:44:50', '2025-07-28 16:44:50', '0', '0');
INSERT INTO `menu_items` (`id`, `section_id`, `name`, `description`, `price`, `dietary_info`, `ingredients`, `allergen_info`, `spice_level`, `display_order`, `is_available`, `is_featured`, `created_at`, `updated_at`, `is_hidden`, `appears_on_specials`) VALUES ('55', '16', 'Chicken', 'Grilled chicken, steamed rice, pickled cucumber, carrots, onion and avocado.', '16.00', 'Gluten-Free', NULL, NULL, NULL, '21', '1', '0', '2025-07-28 16:44:50', '2025-07-28 16:44:50', '0', '0');
INSERT INTO `menu_items` (`id`, `section_id`, `name`, `description`, `price`, `dietary_info`, `ingredients`, `allergen_info`, `spice_level`, `display_order`, `is_available`, `is_featured`, `created_at`, `updated_at`, `is_hidden`, `appears_on_specials`) VALUES ('56', '16', 'Shrimp', 'Grilled shrimp, steamed rice, mushrooms, broccoli, chickpeas, avocado and sweet potatoes.', '17.00', NULL, NULL, NULL, NULL, '22', '1', '0', '2025-07-28 16:44:50', '2025-07-28 16:44:50', '0', '0');
INSERT INTO `menu_items` (`id`, `section_id`, `name`, `description`, `price`, `dietary_info`, `ingredients`, `allergen_info`, `spice_level`, `display_order`, `is_available`, `is_featured`, `created_at`, `updated_at`, `is_hidden`, `appears_on_specials`) VALUES ('57', '16', 'Chicken', NULL, '6.00', NULL, NULL, NULL, NULL, '23', '1', '0', '2025-07-28 16:44:50', '2025-07-28 16:44:50', '0', '0');
INSERT INTO `menu_items` (`id`, `section_id`, `name`, `description`, `price`, `dietary_info`, `ingredients`, `allergen_info`, `spice_level`, `display_order`, `is_available`, `is_featured`, `created_at`, `updated_at`, `is_hidden`, `appears_on_specials`) VALUES ('58', '16', 'Shrimp', NULL, '6.00', NULL, NULL, NULL, NULL, '24', '1', '0', '2025-07-28 16:44:50', '2025-07-28 16:44:50', '0', '0');
INSERT INTO `menu_items` (`id`, `section_id`, `name`, `description`, `price`, `dietary_info`, `ingredients`, `allergen_info`, `spice_level`, `display_order`, `is_available`, `is_featured`, `created_at`, `updated_at`, `is_hidden`, `appears_on_specials`) VALUES ('59', '16', 'Crispy Tuna', NULL, '7.00', NULL, NULL, NULL, NULL, '25', '1', '0', '2025-07-28 16:44:50', '2025-07-28 16:44:50', '0', '0');
INSERT INTO `menu_items` (`id`, `section_id`, `name`, `description`, `price`, `dietary_info`, `ingredients`, `allergen_info`, `spice_level`, `display_order`, `is_available`, `is_featured`, `created_at`, `updated_at`, `is_hidden`, `appears_on_specials`) VALUES ('60', '16', 'Shrimp', NULL, '5.00', NULL, NULL, NULL, NULL, '26', '1', '0', '2025-07-28 16:44:50', '2025-07-28 16:44:50', '0', '0');
INSERT INTO `menu_items` (`id`, `section_id`, `name`, `description`, `price`, `dietary_info`, `ingredients`, `allergen_info`, `spice_level`, `display_order`, `is_available`, `is_featured`, `created_at`, `updated_at`, `is_hidden`, `appears_on_specials`) VALUES ('61', '16', 'Cucumber Bliss', 'Fords Gin * Cucumber Shrub * Agave * Lime', '14.00', NULL, NULL, NULL, NULL, '27', '1', '0', '2025-07-28 16:44:50', '2025-07-28 16:44:50', '0', '0');
INSERT INTO `menu_items` (`id`, `section_id`, `name`, `description`, `price`, `dietary_info`, `ingredients`, `allergen_info`, `spice_level`, `display_order`, `is_available`, `is_featured`, `created_at`, `updated_at`, `is_hidden`, `appears_on_specials`) VALUES ('62', '16', 'Smoked Eel', 'Avocado, steamed rice, pickled cucumber, carrot and sweet potatoes.', '16.00', NULL, NULL, NULL, NULL, '28', '1', '0', '2025-07-28 16:44:50', '2025-07-28 16:44:50', '0', '0');
INSERT INTO `menu_items` (`id`, `section_id`, `name`, `description`, `price`, `dietary_info`, `ingredients`, `allergen_info`, `spice_level`, `display_order`, `is_available`, `is_featured`, `created_at`, `updated_at`, `is_hidden`, `appears_on_specials`) VALUES ('63', '16', 'Cucumber Salad', 'Cucumber, onion, carrots, house vinaigrette and sesame seed.', '8.00', NULL, NULL, NULL, NULL, '29', '1', '0', '2025-07-28 16:44:50', '2025-07-28 16:44:50', '0', '0');
INSERT INTO `menu_items` (`id`, `section_id`, `name`, `description`, `price`, `dietary_info`, `ingredients`, `allergen_info`, `spice_level`, `display_order`, `is_available`, `is_featured`, `created_at`, `updated_at`, `is_hidden`, `appears_on_specials`) VALUES ('64', '16', 'Snapper Ponzu', NULL, '7.00', NULL, NULL, NULL, NULL, '30', '1', '0', '2025-07-28 16:44:50', '2025-07-28 16:44:50', '0', '0');
INSERT INTO `menu_items` (`id`, `section_id`, `name`, `description`, `price`, `dietary_info`, `ingredients`, `allergen_info`, `spice_level`, `display_order`, `is_available`, `is_featured`, `created_at`, `updated_at`, `is_hidden`, `appears_on_specials`) VALUES ('65', '16', 'Duck', NULL, '7.00', NULL, NULL, NULL, NULL, '31', '1', '0', '2025-07-28 16:44:50', '2025-07-28 16:44:50', '0', '0');
INSERT INTO `menu_items` (`id`, `section_id`, `name`, `description`, `price`, `dietary_info`, `ingredients`, `allergen_info`, `spice_level`, `display_order`, `is_available`, `is_featured`, `created_at`, `updated_at`, `is_hidden`, `appears_on_specials`) VALUES ('66', '16', 'Snow Crab', NULL, '6.00', NULL, NULL, NULL, NULL, '32', '1', '0', '2025-07-28 16:44:50', '2025-07-28 16:44:50', '0', '0');
INSERT INTO `menu_items` (`id`, `section_id`, `name`, `description`, `price`, `dietary_info`, `ingredients`, `allergen_info`, `spice_level`, `display_order`, `is_available`, `is_featured`, `created_at`, `updated_at`, `is_hidden`, `appears_on_specials`) VALUES ('67', '16', 'Eel Teriyaki', NULL, '5.00', NULL, NULL, NULL, NULL, '33', '1', '0', '2025-07-28 16:44:50', '2025-07-28 16:44:50', '0', '0');
INSERT INTO `menu_items` (`id`, `section_id`, `name`, `description`, `price`, `dietary_info`, `ingredients`, `allergen_info`, `spice_level`, `display_order`, `is_available`, `is_featured`, `created_at`, `updated_at`, `is_hidden`, `appears_on_specials`) VALUES ('68', '16', 'Squealing Pig Sauvignon Blanc -Marlborough, New Zealand (bottle)', NULL, '33.00', NULL, NULL, NULL, NULL, '34', '1', '0', '2025-07-28 16:44:50', '2025-07-28 16:44:50', '0', '0');
INSERT INTO `menu_items` (`id`, `section_id`, `name`, `description`, `price`, `dietary_info`, `ingredients`, `allergen_info`, `spice_level`, `display_order`, `is_available`, `is_featured`, `created_at`, `updated_at`, `is_hidden`, `appears_on_specials`) VALUES ('69', '16', 'Golden Monkey', 'Misunderstood Orange Blossom * Bourbon * Banana * Walnuts * Bitters', '15.00', NULL, NULL, NULL, NULL, '35', '1', '0', '2025-07-28 16:44:50', '2025-07-28 16:44:50', '0', '0');
INSERT INTO `menu_items` (`id`, `section_id`, `name`, `description`, `price`, `dietary_info`, `ingredients`, `allergen_info`, `spice_level`, `display_order`, `is_available`, `is_featured`, `created_at`, `updated_at`, `is_hidden`, `appears_on_specials`) VALUES ('70', '16', 'Squealing Pig Sauvignon Blanc -Marlborough, New Zealand (glass)', NULL, '11.00', NULL, NULL, NULL, NULL, '36', '1', '0', '2025-07-28 16:44:50', '2025-07-28 16:44:50', '0', '0');
INSERT INTO `menu_items` (`id`, `section_id`, `name`, `description`, `price`, `dietary_info`, `ingredients`, `allergen_info`, `spice_level`, `display_order`, `is_available`, `is_featured`, `created_at`, `updated_at`, `is_hidden`, `appears_on_specials`) VALUES ('71', '16', 'Hakkaisan, Tokubetsu Honjozo (300ml)', NULL, '23.00', NULL, NULL, NULL, NULL, '37', '1', '0', '2025-07-28 16:44:51', '2025-07-28 16:44:51', '0', '0');
INSERT INTO `menu_items` (`id`, `section_id`, `name`, `description`, `price`, `dietary_info`, `ingredients`, `allergen_info`, `spice_level`, `display_order`, `is_available`, `is_featured`, `created_at`, `updated_at`, `is_hidden`, `appears_on_specials`) VALUES ('72', '16', 'Steak', 'Grilled steak, steamed rice, carmalized onion, broccoli, sweet potatoes, carrots and avocado.', '17.00', NULL, NULL, NULL, NULL, '38', '1', '0', '2025-07-28 16:44:51', '2025-07-28 16:44:51', '0', '0');
INSERT INTO `menu_items` (`id`, `section_id`, `name`, `description`, `price`, `dietary_info`, `ingredients`, `allergen_info`, `spice_level`, `display_order`, `is_available`, `is_featured`, `created_at`, `updated_at`, `is_hidden`, `appears_on_specials`) VALUES ('73', '16', 'House Salad', 'Mixed greens and seasonal fruit with house vinaigrette.', '8.00', 'Gluten-Free', NULL, NULL, NULL, '39', '1', '0', '2025-07-28 16:44:51', '2025-07-28 16:44:51', '0', '0');
INSERT INTO `menu_items` (`id`, `section_id`, `name`, `description`, `price`, `dietary_info`, `ingredients`, `allergen_info`, `spice_level`, `display_order`, `is_available`, `is_featured`, `created_at`, `updated_at`, `is_hidden`, `appears_on_specials`) VALUES ('74', '16', 'Steak', NULL, '6.00', NULL, NULL, NULL, NULL, '40', '1', '0', '2025-07-28 16:44:51', '2025-07-28 16:44:51', '0', '0');
INSERT INTO `menu_items` (`id`, `section_id`, `name`, `description`, `price`, `dietary_info`, `ingredients`, `allergen_info`, `spice_level`, `display_order`, `is_available`, `is_featured`, `created_at`, `updated_at`, `is_hidden`, `appears_on_specials`) VALUES ('75', '16', 'Kikusui Perfect Snow Nigori (300ml)', NULL, '23.00', NULL, NULL, NULL, NULL, '41', '1', '0', '2025-07-28 16:44:51', '2025-07-28 16:44:51', '0', '0');
INSERT INTO `menu_items` (`id`, `section_id`, `name`, `description`, `price`, `dietary_info`, `ingredients`, `allergen_info`, `spice_level`, `display_order`, `is_available`, `is_featured`, `created_at`, `updated_at`, `is_hidden`, `appears_on_specials`) VALUES ('76', '16', 'Strawberry Fields', 'Corazon Blanco * Elder Flower * Strawberry * Lime * Ginger Beer', '15.00', NULL, NULL, NULL, NULL, '42', '1', '0', '2025-07-28 16:44:51', '2025-07-28 16:44:51', '0', '0');
INSERT INTO `menu_items` (`id`, `section_id`, `name`, `description`, `price`, `dietary_info`, `ingredients`, `allergen_info`, `spice_level`, `display_order`, `is_available`, `is_featured`, `created_at`, `updated_at`, `is_hidden`, `appears_on_specials`) VALUES ('77', '16', 'Krab Stick', NULL, '5.00', NULL, NULL, NULL, NULL, '43', '1', '0', '2025-07-28 16:44:51', '2025-07-28 16:44:51', '0', '0');
INSERT INTO `menu_items` (`id`, `section_id`, `name`, `description`, `price`, `dietary_info`, `ingredients`, `allergen_info`, `spice_level`, `display_order`, `is_available`, `is_featured`, `created_at`, `updated_at`, `is_hidden`, `appears_on_specials`) VALUES ('78', '16', 'The After Party', 'Stoli Vanilla * Espresso * Coffee Liqueur * Cacao', '15.00', NULL, NULL, NULL, NULL, '44', '1', '0', '2025-07-28 16:44:51', '2025-07-28 16:44:51', '0', '0');
INSERT INTO `menu_items` (`id`, `section_id`, `name`, `description`, `price`, `dietary_info`, `ingredients`, `allergen_info`, `spice_level`, `display_order`, `is_available`, `is_featured`, `created_at`, `updated_at`, `is_hidden`, `appears_on_specials`) VALUES ('79', '16', 'Lychee Lantern', 'Reyka Vodka * Lychee Liqueur * Lychee Juice * Lemon', '15.00', NULL, NULL, NULL, NULL, '45', '1', '0', '2025-07-28 16:44:51', '2025-07-28 16:44:51', '0', '0');
INSERT INTO `menu_items` (`id`, `section_id`, `name`, `description`, `price`, `dietary_info`, `ingredients`, `allergen_info`, `spice_level`, `display_order`, `is_available`, `is_featured`, `created_at`, `updated_at`, `is_hidden`, `appears_on_specials`) VALUES ('80', '16', 'Tofu', 'Tofu, steamed rice, roasted vegetables, mushrooms, peppers, onions and chickpeas.', '16.00', 'Vegan', NULL, NULL, NULL, '46', '1', '0', '2025-07-28 16:44:51', '2025-07-28 16:44:51', '0', '0');
INSERT INTO `menu_items` (`id`, `section_id`, `name`, `description`, `price`, `dietary_info`, `ingredients`, `allergen_info`, `spice_level`, `display_order`, `is_available`, `is_featured`, `created_at`, `updated_at`, `is_hidden`, `appears_on_specials`) VALUES ('81', '16', 'Minted Empress', 'Carvella Limoncello * Yuzu * Lemon * Prosecco', '14.00', NULL, NULL, NULL, NULL, '47', '1', '0', '2025-07-28 16:44:51', '2025-07-28 16:44:51', '0', '0');
INSERT INTO `menu_items` (`id`, `section_id`, `name`, `description`, `price`, `dietary_info`, `ingredients`, `allergen_info`, `spice_level`, `display_order`, `is_available`, `is_featured`, `created_at`, `updated_at`, `is_hidden`, `appears_on_specials`) VALUES ('82', '16', 'Tofu & Veggies', NULL, '5.00', 'Vegan', NULL, NULL, NULL, '48', '1', '0', '2025-07-28 16:44:51', '2025-07-28 16:44:51', '0', '0');
INSERT INTO `menu_items` (`id`, `section_id`, `name`, `description`, `price`, `dietary_info`, `ingredients`, `allergen_info`, `spice_level`, `display_order`, `is_available`, `is_featured`, `created_at`, `updated_at`, `is_hidden`, `appears_on_specials`) VALUES ('83', '16', 'Miso Soup', 'Tofu, seaweed, sesame oil and green onion.', '4.00', NULL, NULL, NULL, NULL, '49', '1', '0', '2025-07-28 16:44:51', '2025-07-28 16:44:51', '0', '0');
INSERT INTO `menu_items` (`id`, `section_id`, `name`, `description`, `price`, `dietary_info`, `ingredients`, `allergen_info`, `spice_level`, `display_order`, `is_available`, `is_featured`, `created_at`, `updated_at`, `is_hidden`, `appears_on_specials`) VALUES ('84', '16', 'Tuna Ceviche', NULL, '8.00', NULL, NULL, NULL, NULL, '50', '1', '0', '2025-07-28 16:44:51', '2025-07-28 16:44:51', '0', '0');
INSERT INTO `menu_items` (`id`, `section_id`, `name`, `description`, `price`, `dietary_info`, `ingredients`, `allergen_info`, `spice_level`, `display_order`, `is_available`, `is_featured`, `created_at`, `updated_at`, `is_hidden`, `appears_on_specials`) VALUES ('85', '16', 'Open Sesame', 'Old Forester Rye * Suntori Toki * Sesame Plum Wine * Vermouth', '16.00', NULL, NULL, NULL, NULL, '51', '1', '0', '2025-07-28 16:44:51', '2025-07-28 16:44:51', '0', '0');
INSERT INTO `menu_items` (`id`, `section_id`, `name`, `description`, `price`, `dietary_info`, `ingredients`, `allergen_info`, `spice_level`, `display_order`, `is_available`, `is_featured`, `created_at`, `updated_at`, `is_hidden`, `appears_on_specials`) VALUES ('86', '16', 'Tuna Ponzu', NULL, '7.00', NULL, NULL, NULL, NULL, '52', '1', '0', '2025-07-28 16:44:51', '2025-07-28 16:44:51', '0', '0');
INSERT INTO `menu_items` (`id`, `section_id`, `name`, `description`, `price`, `dietary_info`, `ingredients`, `allergen_info`, `spice_level`, `display_order`, `is_available`, `is_featured`, `created_at`, `updated_at`, `is_hidden`, `appears_on_specials`) VALUES ('87', '16', 'Pago Del Cielo, Rueda eleste Verdejo Castilla y Leon, Spain (bottle)', NULL, '33.00', NULL, NULL, NULL, NULL, '53', '1', '0', '2025-07-28 16:44:51', '2025-07-28 16:44:51', '0', '0');
INSERT INTO `menu_items` (`id`, `section_id`, `name`, `description`, `price`, `dietary_info`, `ingredients`, `allergen_info`, `spice_level`, `display_order`, `is_available`, `is_featured`, `created_at`, `updated_at`, `is_hidden`, `appears_on_specials`) VALUES ('88', '16', 'Ultra', NULL, '5.00', NULL, NULL, NULL, NULL, '54', '1', '0', '2025-07-28 16:44:51', '2025-07-28 16:44:51', '0', '0');
INSERT INTO `menu_items` (`id`, `section_id`, `name`, `description`, `price`, `dietary_info`, `ingredients`, `allergen_info`, `spice_level`, `display_order`, `is_available`, `is_featured`, `created_at`, `updated_at`, `is_hidden`, `appears_on_specials`) VALUES ('89', '16', 'Pago Del Cielo, Rueda eleste Verdejo Castilla y Leon, Spain (glass)', NULL, '11.00', NULL, NULL, NULL, NULL, '55', '1', '0', '2025-07-28 16:44:51', '2025-07-28 16:44:51', '0', '0');
INSERT INTO `menu_items` (`id`, `section_id`, `name`, `description`, `price`, `dietary_info`, `ingredients`, `allergen_info`, `spice_level`, `display_order`, `is_available`, `is_featured`, `created_at`, `updated_at`, `is_hidden`, `appears_on_specials`) VALUES ('90', '16', 'Yellowtail Ponzu', NULL, '7.00', NULL, NULL, NULL, NULL, '56', '1', '0', '2025-07-28 16:44:51', '2025-07-28 16:44:51', '0', '0');
INSERT INTO `menu_items` (`id`, `section_id`, `name`, `description`, `price`, `dietary_info`, `ingredients`, `allergen_info`, `spice_level`, `display_order`, `is_available`, `is_featured`, `created_at`, `updated_at`, `is_hidden`, `appears_on_specials`) VALUES ('91', '16', 'Pazo Das Bruxas Albarino - Rias Baixas (bottle)', NULL, '42.00', NULL, NULL, NULL, NULL, '57', '1', '0', '2025-07-28 16:44:51', '2025-07-28 16:44:51', '0', '0');
INSERT INTO `menu_items` (`id`, `section_id`, `name`, `description`, `price`, `dietary_info`, `ingredients`, `allergen_info`, `spice_level`, `display_order`, `is_available`, `is_featured`, `created_at`, `updated_at`, `is_hidden`, `appears_on_specials`) VALUES ('92', '9', 'Beach Blond - Blond Ale', 'Three Daughters - St. Petersburg, FL', '8.00', NULL, NULL, NULL, NULL, '1', '1', '0', '2025-07-28 16:44:51', '2025-07-28 16:44:51', '0', '0');
INSERT INTO `menu_items` (`id`, `section_id`, `name`, `description`, `price`, `dietary_info`, `ingredients`, `allergen_info`, `spice_level`, `display_order`, `is_available`, `is_featured`, `created_at`, `updated_at`, `is_hidden`, `appears_on_specials`) VALUES ('93', '9', 'Postcard - Pilsner', 'Green Beach - St. Petersburg, FL', '8.00', NULL, NULL, NULL, NULL, '2', '1', '0', '2025-07-28 16:44:51', '2025-07-28 16:44:51', '0', '0');
INSERT INTO `menu_items` (`id`, `section_id`, `name`, `description`, `price`, `dietary_info`, `ingredients`, `allergen_info`, `spice_level`, `display_order`, `is_available`, `is_featured`, `created_at`, `updated_at`, `is_hidden`, `appears_on_specials`) VALUES ('94', '9', 'Corona Extra', NULL, '6.00', NULL, NULL, NULL, NULL, '3', '1', '0', '2025-07-28 16:44:51', '2025-07-28 16:44:51', '0', '0');
INSERT INTO `menu_items` (`id`, `section_id`, `name`, `description`, `price`, `dietary_info`, `ingredients`, `allergen_info`, `spice_level`, `display_order`, `is_available`, `is_featured`, `created_at`, `updated_at`, `is_hidden`, `appears_on_specials`) VALUES ('95', '9', 'Singha - Thai Pale Ale', 'Boon Rawd Brewery - Bangkik, Thailand', '8.00', NULL, NULL, NULL, NULL, '4', '1', '0', '2025-07-28 16:44:51', '2025-07-28 16:44:51', '0', '0');
INSERT INTO `menu_items` (`id`, `section_id`, `name`, `description`, `price`, `dietary_info`, `ingredients`, `allergen_info`, `spice_level`, `display_order`, `is_available`, `is_featured`, `created_at`, `updated_at`, `is_hidden`, `appears_on_specials`) VALUES ('96', '9', 'Dead Parrot - Lite Lager', 'Florida Ave - Tampa, FL', '8.00', NULL, NULL, NULL, NULL, '5', '1', '0', '2025-07-28 16:44:51', '2025-07-28 16:44:51', '0', '0');
INSERT INTO `menu_items` (`id`, `section_id`, `name`, `description`, `price`, `dietary_info`, `ingredients`, `allergen_info`, `spice_level`, `display_order`, `is_available`, `is_featured`, `created_at`, `updated_at`, `is_hidden`, `appears_on_specials`) VALUES ('97', '9', 'Stella', NULL, '6.00', NULL, NULL, NULL, NULL, '6', '1', '0', '2025-07-28 16:44:51', '2025-07-28 16:44:51', '0', '0');
INSERT INTO `menu_items` (`id`, `section_id`, `name`, `description`, `price`, `dietary_info`, `ingredients`, `allergen_info`, `spice_level`, `display_order`, `is_available`, `is_featured`, `created_at`, `updated_at`, `is_hidden`, `appears_on_specials`) VALUES ('98', '9', 'Heineken NA', NULL, '6.00', NULL, NULL, NULL, NULL, '7', '1', '0', '2025-07-28 16:44:51', '2025-07-28 16:44:51', '0', '0');
INSERT INTO `menu_items` (`id`, `section_id`, `name`, `description`, `price`, `dietary_info`, `ingredients`, `allergen_info`, `spice_level`, `display_order`, `is_available`, `is_featured`, `created_at`, `updated_at`, `is_hidden`, `appears_on_specials`) VALUES ('99', '9', 'Sunshine City - IPA', 'Green Beach - St. Petersburg, FL', '8.00', NULL, NULL, NULL, NULL, '8', '1', '0', '2025-07-28 16:44:51', '2025-07-28 16:44:51', '0', '0');
INSERT INTO `menu_items` (`id`, `section_id`, `name`, `description`, `price`, `dietary_info`, `ingredients`, `allergen_info`, `spice_level`, `display_order`, `is_available`, `is_featured`, `created_at`, `updated_at`, `is_hidden`, `appears_on_specials`) VALUES ('100', '9', 'Kirin', NULL, '6.00', NULL, NULL, NULL, NULL, '9', '1', '0', '2025-07-28 16:44:51', '2025-07-28 16:44:51', '0', '0');
INSERT INTO `menu_items` (`id`, `section_id`, `name`, `description`, `price`, `dietary_info`, `ingredients`, `allergen_info`, `spice_level`, `display_order`, `is_available`, `is_featured`, `created_at`, `updated_at`, `is_hidden`, `appears_on_specials`) VALUES ('101', '13', 'Frank Family Chardonnay - Napa Valley (bottle)', NULL, '56.00', NULL, NULL, NULL, NULL, '1', '1', '0', '2025-07-28 16:44:51', '2025-07-28 16:44:51', '0', '0');
INSERT INTO `menu_items` (`id`, `section_id`, `name`, `description`, `price`, `dietary_info`, `ingredients`, `allergen_info`, `spice_level`, `display_order`, `is_available`, `is_featured`, `created_at`, `updated_at`, `is_hidden`, `appears_on_specials`) VALUES ('102', '13', 'Peyrassol Organic Rose - Provence, France (glass)', NULL, '13.00', NULL, NULL, NULL, NULL, '2', '1', '0', '2025-07-28 16:44:51', '2025-07-28 16:44:51', '0', '0');
INSERT INTO `menu_items` (`id`, `section_id`, `name`, `description`, `price`, `dietary_info`, `ingredients`, `allergen_info`, `spice_level`, `display_order`, `is_available`, `is_featured`, `created_at`, `updated_at`, `is_hidden`, `appears_on_specials`) VALUES ('103', '13', 'Frank Family Chardonnay - Napa Valley (glass)', NULL, '18.00', NULL, NULL, NULL, NULL, '3', '1', '0', '2025-07-28 16:44:51', '2025-07-28 16:44:51', '0', '0');
INSERT INTO `menu_items` (`id`, `section_id`, `name`, `description`, `price`, `dietary_info`, `ingredients`, `allergen_info`, `spice_level`, `display_order`, `is_available`, `is_featured`, `created_at`, `updated_at`, `is_hidden`, `appears_on_specials`) VALUES ('104', '13', 'Ponzi Pinot Gris - Willamette, Oregon (bottle)', NULL, '54.00', NULL, NULL, NULL, NULL, '4', '1', '0', '2025-07-28 16:44:51', '2025-07-28 16:44:51', '0', '0');
INSERT INTO `menu_items` (`id`, `section_id`, `name`, `description`, `price`, `dietary_info`, `ingredients`, `allergen_info`, `spice_level`, `display_order`, `is_available`, `is_featured`, `created_at`, `updated_at`, `is_hidden`, `appears_on_specials`) VALUES ('105', '13', 'Gruet Brut Rose methode Champenoise - Mexico (bottle)', NULL, '36.00', NULL, NULL, NULL, NULL, '5', '1', '0', '2025-07-28 16:44:51', '2025-07-28 16:44:51', '0', '0');
INSERT INTO `menu_items` (`id`, `section_id`, `name`, `description`, `price`, `dietary_info`, `ingredients`, `allergen_info`, `spice_level`, `display_order`, `is_available`, `is_featured`, `created_at`, `updated_at`, `is_hidden`, `appears_on_specials`) VALUES ('106', '13', 'Ponzi Pinot Gris - Willamette, Oregon (glass)', NULL, '17.00', NULL, NULL, NULL, NULL, '6', '1', '0', '2025-07-28 16:44:51', '2025-07-28 16:44:51', '0', '0');
INSERT INTO `menu_items` (`id`, `section_id`, `name`, `description`, `price`, `dietary_info`, `ingredients`, `allergen_info`, `spice_level`, `display_order`, `is_available`, `is_featured`, `created_at`, `updated_at`, `is_hidden`, `appears_on_specials`) VALUES ('107', '13', 'Gruet Brut Rose methode Champenoise - Mexico (glass)', NULL, '12.00', NULL, NULL, NULL, NULL, '7', '1', '0', '2025-07-28 16:44:51', '2025-07-28 16:44:51', '0', '0');
INSERT INTO `menu_items` (`id`, `section_id`, `name`, `description`, `price`, `dietary_info`, `ingredients`, `allergen_info`, `spice_level`, `display_order`, `is_available`, `is_featured`, `created_at`, `updated_at`, `is_hidden`, `appears_on_specials`) VALUES ('108', '13', 'Raeburn High Flyer Pinot Noir - Russian River Valley (bottle)', NULL, '50.00', NULL, NULL, NULL, NULL, '8', '1', '0', '2025-07-28 16:44:51', '2025-07-28 16:44:51', '0', '0');
INSERT INTO `menu_items` (`id`, `section_id`, `name`, `description`, `price`, `dietary_info`, `ingredients`, `allergen_info`, `spice_level`, `display_order`, `is_available`, `is_featured`, `created_at`, `updated_at`, `is_hidden`, `appears_on_specials`) VALUES ('109', '13', 'Mas, la Chevaliere, Chardonnay - Roussillon, France (bottle)', NULL, '30.00', NULL, NULL, NULL, NULL, '9', '1', '0', '2025-07-28 16:44:51', '2025-07-28 16:44:51', '0', '0');
INSERT INTO `menu_items` (`id`, `section_id`, `name`, `description`, `price`, `dietary_info`, `ingredients`, `allergen_info`, `spice_level`, `display_order`, `is_available`, `is_featured`, `created_at`, `updated_at`, `is_hidden`, `appears_on_specials`) VALUES ('110', '13', 'Raeburn High Flyer Pinot Noir - Russian River Valley (glass)', NULL, '16.00', NULL, NULL, NULL, NULL, '10', '1', '0', '2025-07-28 16:44:51', '2025-07-28 16:44:51', '0', '0');
INSERT INTO `menu_items` (`id`, `section_id`, `name`, `description`, `price`, `dietary_info`, `ingredients`, `allergen_info`, `spice_level`, `display_order`, `is_available`, `is_featured`, `created_at`, `updated_at`, `is_hidden`, `appears_on_specials`) VALUES ('111', '13', 'Mas, la Chevaliere, Chardonnay - Roussillon, France (bottle)', NULL, '30.00', NULL, NULL, NULL, NULL, '11', '1', '0', '2025-07-28 16:44:51', '2025-07-28 16:44:51', '0', '0');
INSERT INTO `menu_items` (`id`, `section_id`, `name`, `description`, `price`, `dietary_info`, `ingredients`, `allergen_info`, `spice_level`, `display_order`, `is_available`, `is_featured`, `created_at`, `updated_at`, `is_hidden`, `appears_on_specials`) VALUES ('112', '13', 'Rodney strong Pinot Noir - California (bottle)', NULL, '39.00', NULL, NULL, NULL, NULL, '12', '1', '0', '2025-07-28 16:44:51', '2025-07-28 16:44:51', '0', '0');
INSERT INTO `menu_items` (`id`, `section_id`, `name`, `description`, `price`, `dietary_info`, `ingredients`, `allergen_info`, `spice_level`, `display_order`, `is_available`, `is_featured`, `created_at`, `updated_at`, `is_hidden`, `appears_on_specials`) VALUES ('113', '13', 'Mas, la Chevaliere, Chardonnay - Roussillon, France (glass)', NULL, '10.00', NULL, NULL, NULL, NULL, '13', '1', '0', '2025-07-28 16:44:51', '2025-07-28 16:44:51', '0', '0');
INSERT INTO `menu_items` (`id`, `section_id`, `name`, `description`, `price`, `dietary_info`, `ingredients`, `allergen_info`, `spice_level`, `display_order`, `is_available`, `is_featured`, `created_at`, `updated_at`, `is_hidden`, `appears_on_specials`) VALUES ('114', '13', 'Rodney strong Pinot Noir - California (glass)', NULL, '13.00', NULL, NULL, NULL, NULL, '14', '1', '0', '2025-07-28 16:44:51', '2025-07-28 16:44:51', '0', '0');
INSERT INTO `menu_items` (`id`, `section_id`, `name`, `description`, `price`, `dietary_info`, `ingredients`, `allergen_info`, `spice_level`, `display_order`, `is_available`, `is_featured`, `created_at`, `updated_at`, `is_hidden`, `appears_on_specials`) VALUES ('115', '13', 'Miguel Torres Andica Organic Cabernet Sauvignon - Chile (bottle)', NULL, '38.00', NULL, NULL, NULL, NULL, '15', '1', '0', '2025-07-28 16:44:51', '2025-07-28 16:44:51', '0', '0');
INSERT INTO `menu_items` (`id`, `section_id`, `name`, `description`, `price`, `dietary_info`, `ingredients`, `allergen_info`, `spice_level`, `display_order`, `is_available`, `is_featured`, `created_at`, `updated_at`, `is_hidden`, `appears_on_specials`) VALUES ('116', '13', 'Routestock, Cabernet Sauvignon Route 29 - Napa Valley (bottle)', NULL, '35.00', NULL, NULL, NULL, NULL, '16', '1', '0', '2025-07-28 16:44:51', '2025-07-28 16:44:51', '0', '0');
INSERT INTO `menu_items` (`id`, `section_id`, `name`, `description`, `price`, `dietary_info`, `ingredients`, `allergen_info`, `spice_level`, `display_order`, `is_available`, `is_featured`, `created_at`, `updated_at`, `is_hidden`, `appears_on_specials`) VALUES ('117', '13', 'Miguel Torres Andica Organic Cabernet Sauvignon - Chile (glass)', NULL, '12.00', NULL, NULL, NULL, NULL, '17', '1', '0', '2025-07-28 16:44:51', '2025-07-28 16:44:51', '0', '0');
INSERT INTO `menu_items` (`id`, `section_id`, `name`, `description`, `price`, `dietary_info`, `ingredients`, `allergen_info`, `spice_level`, `display_order`, `is_available`, `is_featured`, `created_at`, `updated_at`, `is_hidden`, `appears_on_specials`) VALUES ('118', '13', 'Routestock, Cabernet Sauvignon Route 29 - Napa Valley (glass)', NULL, '17.00', NULL, NULL, NULL, NULL, '18', '1', '0', '2025-07-28 16:44:51', '2025-07-28 16:44:51', '0', '0');
INSERT INTO `menu_items` (`id`, `section_id`, `name`, `description`, `price`, `dietary_info`, `ingredients`, `allergen_info`, `spice_level`, `display_order`, `is_available`, `is_featured`, `created_at`, `updated_at`, `is_hidden`, `appears_on_specials`) VALUES ('119', '13', 'Peyrassol Organic Rose - Provence, France (bottle)', NULL, '39.00', NULL, NULL, NULL, NULL, '19', '1', '0', '2025-07-28 16:44:51', '2025-07-28 16:44:51', '0', '0');
INSERT INTO `menu_items` (`id`, `section_id`, `name`, `description`, `price`, `dietary_info`, `ingredients`, `allergen_info`, `spice_level`, `display_order`, `is_available`, `is_featured`, `created_at`, `updated_at`, `is_hidden`, `appears_on_specials`) VALUES ('120', '8', 'Ginger Lotus', 'Grapefruit, Agave, Ginger Beer and Mint.', '8.00', NULL, NULL, NULL, NULL, '1', '1', '0', '2025-07-28 16:44:51', '2025-07-28 16:44:51', '0', '0');
INSERT INTO `menu_items` (`id`, `section_id`, `name`, `description`, `price`, `dietary_info`, `ingredients`, `allergen_info`, `spice_level`, `display_order`, `is_available`, `is_featured`, `created_at`, `updated_at`, `is_hidden`, `appears_on_specials`) VALUES ('121', '8', 'Mezcal Monsoon', 'Los Vecinos Mezcal * Thai Chili Aperol * Lime * Orgeat * Tajin Rim', '15.00', NULL, NULL, NULL, NULL, '2', '1', '0', '2025-07-28 16:44:51', '2025-07-28 16:44:51', '0', '0');
INSERT INTO `menu_items` (`id`, `section_id`, `name`, `description`, `price`, `dietary_info`, `ingredients`, `allergen_info`, `spice_level`, `display_order`, `is_available`, `is_featured`, `created_at`, `updated_at`, `is_hidden`, `appears_on_specials`) VALUES ('122', '8', 'Ginger Salad', 'Iceberg lettuce, cucumber and cherry tomatoes.', '8.00', 'Gluten-Free', NULL, NULL, NULL, '3', '1', '0', '2025-07-28 16:44:51', '2025-07-28 16:44:51', '0', '0');
INSERT INTO `menu_items` (`id`, `section_id`, `name`, `description`, `price`, `dietary_info`, `ingredients`, `allergen_info`, `spice_level`, `display_order`, `is_available`, `is_featured`, `created_at`, `updated_at`, `is_hidden`, `appears_on_specials`) VALUES ('123', '12', 'Konteki, Pearls of Simplicity Junmai Daiginjo (300ml)', NULL, '32.00', NULL, NULL, NULL, NULL, '1', '1', '0', '2025-07-28 16:44:51', '2025-07-28 16:44:51', '0', '0');
INSERT INTO `menu_items` (`id`, `section_id`, `name`, `description`, `price`, `dietary_info`, `ingredients`, `allergen_info`, `spice_level`, `display_order`, `is_available`, `is_featured`, `created_at`, `updated_at`, `is_hidden`, `appears_on_specials`) VALUES ('124', '12', 'Rihaku Shuzo, Wandering Poet Junmai Ginjo (glass)', NULL, '15.00', NULL, NULL, NULL, NULL, '2', '1', '0', '2025-07-28 16:44:51', '2025-07-28 16:44:51', '0', '0');
INSERT INTO `menu_items` (`id`, `section_id`, `name`, `description`, `price`, `dietary_info`, `ingredients`, `allergen_info`, `spice_level`, `display_order`, `is_available`, `is_featured`, `created_at`, `updated_at`, `is_hidden`, `appears_on_specials`) VALUES ('125', '12', 'Rihaku Shuzo, Wandering Poet Junmai Ginjo (720ml)', NULL, '59.00', NULL, NULL, NULL, NULL, '3', '1', '0', '2025-07-28 16:44:51', '2025-07-28 16:44:51', '0', '0');
INSERT INTO `menu_items` (`id`, `section_id`, `name`, `description`, `price`, `dietary_info`, `ingredients`, `allergen_info`, `spice_level`, `display_order`, `is_available`, `is_featured`, `created_at`, `updated_at`, `is_hidden`, `appears_on_specials`) VALUES ('126', '4', 'Extra Sauce', NULL, '2.00', NULL, NULL, NULL, NULL, '1', '1', '0', '2025-07-28 16:44:51', '2025-07-28 16:44:51', '0', '0');
INSERT INTO `menu_items` (`id`, `section_id`, `name`, `description`, `price`, `dietary_info`, `ingredients`, `allergen_info`, `spice_level`, `display_order`, `is_available`, `is_featured`, `created_at`, `updated_at`, `is_hidden`, `appears_on_specials`) VALUES ('127', '4', 'Lamb Lollipop', NULL, '8.00', NULL, NULL, NULL, NULL, '2', '1', '0', '2025-07-28 16:44:51', '2025-07-28 16:44:51', '0', '0');
INSERT INTO `menu_items` (`id`, `section_id`, `name`, `description`, `price`, `dietary_info`, `ingredients`, `allergen_info`, `spice_level`, `display_order`, `is_available`, `is_featured`, `created_at`, `updated_at`, `is_hidden`, `appears_on_specials`) VALUES ('128', '4', 'BBQ Baby Back Ribs', NULL, '8.00', NULL, NULL, NULL, NULL, '3', '1', '1', '2025-07-28 16:44:52', '2025-07-28 16:44:52', '0', '0');
INSERT INTO `menu_items` (`id`, `section_id`, `name`, `description`, `price`, `dietary_info`, `ingredients`, `allergen_info`, `spice_level`, `display_order`, `is_available`, `is_featured`, `created_at`, `updated_at`, `is_hidden`, `appears_on_specials`) VALUES ('129', '4', 'Slider Sampler', NULL, '25.00', NULL, NULL, NULL, NULL, '4', '1', '1', '2025-07-28 16:44:52', '2025-07-28 16:44:52', '0', '0');
INSERT INTO `menu_items` (`id`, `section_id`, `name`, `description`, `price`, `dietary_info`, `ingredients`, `allergen_info`, `spice_level`, `display_order`, `is_available`, `is_featured`, `created_at`, `updated_at`, `is_hidden`, `appears_on_specials`) VALUES ('130', '4', 'Crispy Crab Bites', NULL, '8.00', NULL, NULL, NULL, NULL, '5', '1', '1', '2025-07-28 16:44:52', '2025-07-28 16:44:52', '0', '0');
INSERT INTO `menu_items` (`id`, `section_id`, `name`, `description`, `price`, `dietary_info`, `ingredients`, `allergen_info`, `spice_level`, `display_order`, `is_available`, `is_featured`, `created_at`, `updated_at`, `is_hidden`, `appears_on_specials`) VALUES ('131', '4', 'Spicy BBQ Wings', NULL, '7.00', NULL, NULL, NULL, NULL, '6', '1', '0', '2025-07-28 16:44:52', '2025-07-28 16:44:52', '0', '0');
INSERT INTO `menu_items` (`id`, `section_id`, `name`, `description`, `price`, `dietary_info`, `ingredients`, `allergen_info`, `spice_level`, `display_order`, `is_available`, `is_featured`, `created_at`, `updated_at`, `is_hidden`, `appears_on_specials`) VALUES ('132', '2', 'Salmon', NULL, '9.00', NULL, NULL, NULL, NULL, '1', '1', '0', '2025-07-28 16:44:52', '2025-07-28 16:44:52', '0', '0');
INSERT INTO `menu_items` (`id`, `section_id`, `name`, `description`, `price`, `dietary_info`, `ingredients`, `allergen_info`, `spice_level`, `display_order`, `is_available`, `is_featured`, `created_at`, `updated_at`, `is_hidden`, `appears_on_specials`) VALUES ('133', '2', 'Snapper', NULL, '8.00', NULL, NULL, NULL, NULL, '2', '1', '0', '2025-07-28 16:44:52', '2025-07-28 16:44:52', '0', '0');
INSERT INTO `menu_items` (`id`, `section_id`, `name`, `description`, `price`, `dietary_info`, `ingredients`, `allergen_info`, `spice_level`, `display_order`, `is_available`, `is_featured`, `created_at`, `updated_at`, `is_hidden`, `appears_on_specials`) VALUES ('134', '2', 'Salmon', 'Grilled salmon, steamed rice, mushrooms, broccoli, chickpeas, avocado and sweet potatoes.', '16.00', NULL, NULL, NULL, NULL, '3', '1', '0', '2025-07-28 16:44:52', '2025-07-28 16:44:52', '0', '0');
INSERT INTO `menu_items` (`id`, `section_id`, `name`, `description`, `price`, `dietary_info`, `ingredients`, `allergen_info`, `spice_level`, `display_order`, `is_available`, `is_featured`, `created_at`, `updated_at`, `is_hidden`, `appears_on_specials`) VALUES ('135', '2', 'Tuna', NULL, '9.00', NULL, NULL, NULL, NULL, '4', '1', '0', '2025-07-28 16:44:52', '2025-07-28 16:44:52', '0', '0');
INSERT INTO `menu_items` (`id`, `section_id`, `name`, `description`, `price`, `dietary_info`, `ingredients`, `allergen_info`, `spice_level`, `display_order`, `is_available`, `is_featured`, `created_at`, `updated_at`, `is_hidden`, `appears_on_specials`) VALUES ('136', '2', 'Salmon', NULL, '5.00', NULL, NULL, NULL, NULL, '5', '1', '0', '2025-07-28 16:44:52', '2025-07-28 16:44:52', '0', '0');
INSERT INTO `menu_items` (`id`, `section_id`, `name`, `description`, `price`, `dietary_info`, `ingredients`, `allergen_info`, `spice_level`, `display_order`, `is_available`, `is_featured`, `created_at`, `updated_at`, `is_hidden`, `appears_on_specials`) VALUES ('137', '2', 'Tuna', 'Grilled tuna, steamed rice, mushrooms, broccoli, chickpeas, avocado and sweet potatoes.', '17.00', NULL, NULL, NULL, NULL, '6', '1', '0', '2025-07-28 16:44:52', '2025-07-28 16:44:52', '0', '0');
INSERT INTO `menu_items` (`id`, `section_id`, `name`, `description`, `price`, `dietary_info`, `ingredients`, `allergen_info`, `spice_level`, `display_order`, `is_available`, `is_featured`, `created_at`, `updated_at`, `is_hidden`, `appears_on_specials`) VALUES ('138', '2', 'Salmon', NULL, '8.00', NULL, NULL, NULL, NULL, '7', '1', '0', '2025-07-28 16:44:52', '2025-07-28 16:44:52', '0', '0');
INSERT INTO `menu_items` (`id`, `section_id`, `name`, `description`, `price`, `dietary_info`, `ingredients`, `allergen_info`, `spice_level`, `display_order`, `is_available`, `is_featured`, `created_at`, `updated_at`, `is_hidden`, `appears_on_specials`) VALUES ('139', '2', 'Tuna', NULL, '5.00', NULL, NULL, NULL, NULL, '8', '1', '0', '2025-07-28 16:44:52', '2025-07-28 16:44:52', '0', '0');
INSERT INTO `menu_items` (`id`, `section_id`, `name`, `description`, `price`, `dietary_info`, `ingredients`, `allergen_info`, `spice_level`, `display_order`, `is_available`, `is_featured`, `created_at`, `updated_at`, `is_hidden`, `appears_on_specials`) VALUES ('140', '2', 'Snapper', NULL, '9.00', NULL, NULL, NULL, NULL, '9', '1', '0', '2025-07-28 16:44:52', '2025-07-28 16:44:52', '0', '0');
INSERT INTO `menu_items` (`id`, `section_id`, `name`, `description`, `price`, `dietary_info`, `ingredients`, `allergen_info`, `spice_level`, `display_order`, `is_available`, `is_featured`, `created_at`, `updated_at`, `is_hidden`, `appears_on_specials`) VALUES ('141', '2', 'Tuna', NULL, '8.00', NULL, NULL, NULL, NULL, '10', '1', '0', '2025-07-28 16:44:52', '2025-07-28 16:44:52', '0', '0');
INSERT INTO `menu_items` (`id`, `section_id`, `name`, `description`, `price`, `dietary_info`, `ingredients`, `allergen_info`, `spice_level`, `display_order`, `is_available`, `is_featured`, `created_at`, `updated_at`, `is_hidden`, `appears_on_specials`) VALUES ('142', '2', 'Snapper', NULL, '5.00', NULL, NULL, NULL, NULL, '11', '1', '0', '2025-07-28 16:44:52', '2025-07-28 16:44:52', '0', '0');
INSERT INTO `menu_items` (`id`, `section_id`, `name`, `description`, `price`, `dietary_info`, `ingredients`, `allergen_info`, `spice_level`, `display_order`, `is_available`, `is_featured`, `created_at`, `updated_at`, `is_hidden`, `appears_on_specials`) VALUES ('143', '2', 'Yellowtail', NULL, '5.00', NULL, NULL, NULL, NULL, '12', '1', '0', '2025-07-28 16:44:52', '2025-07-28 16:44:52', '0', '0');
INSERT INTO `menu_items` (`id`, `section_id`, `name`, `description`, `price`, `dietary_info`, `ingredients`, `allergen_info`, `spice_level`, `display_order`, `is_available`, `is_featured`, `created_at`, `updated_at`, `is_hidden`, `appears_on_specials`) VALUES ('144', '1', 'Alaskan Roll', 'Tempura Salmon, Cucumber, Advocado, Masago and Cream Cheese.', '7.00', NULL, NULL, NULL, NULL, '1', '1', '0', '2025-07-28 16:44:52', '2025-07-28 16:44:52', '0', '0');
INSERT INTO `menu_items` (`id`, `section_id`, `name`, `description`, `price`, `dietary_info`, `ingredients`, `allergen_info`, `spice_level`, `display_order`, `is_available`, `is_featured`, `created_at`, `updated_at`, `is_hidden`, `appears_on_specials`) VALUES ('145', '1', 'Snow Crab Roll', 'Hand Picked Alaskan Snow Crab and Sesame Seeds.', '6.00', 'Gluten-Free', NULL, NULL, NULL, '2', '1', '0', '2025-07-28 16:44:52', '2025-07-28 16:44:52', '0', '0');
INSERT INTO `menu_items` (`id`, `section_id`, `name`, `description`, `price`, `dietary_info`, `ingredients`, `allergen_info`, `spice_level`, `display_order`, `is_available`, `is_featured`, `created_at`, `updated_at`, `is_hidden`, `appears_on_specials`) VALUES ('146', '1', 'Blue Crab Roll', 'Fresh Crab Meat and Avocado.', '8.00', 'Gluten-Free', NULL, NULL, NULL, '3', '1', '0', '2025-07-28 16:44:52', '2025-07-28 16:44:52', '0', '0');
INSERT INTO `menu_items` (`id`, `section_id`, `name`, `description`, `price`, `dietary_info`, `ingredients`, `allergen_info`, `spice_level`, `display_order`, `is_available`, `is_featured`, `created_at`, `updated_at`, `is_hidden`, `appears_on_specials`) VALUES ('147', '1', 'Spicy Salmon Roll', 'Salmon, Cucumber, Hot Sauce.', '7.00', NULL, NULL, NULL, NULL, '4', '1', '0', '2025-07-28 16:44:52', '2025-07-28 16:44:52', '0', '0');
INSERT INTO `menu_items` (`id`, `section_id`, `name`, `description`, `price`, `dietary_info`, `ingredients`, `allergen_info`, `spice_level`, `display_order`, `is_available`, `is_featured`, `created_at`, `updated_at`, `is_hidden`, `appears_on_specials`) VALUES ('148', '1', 'California Roll', 'Cucumber, Avocado, Krab Stick and Masago.', '6.00', 'Gluten-Free', NULL, NULL, NULL, '5', '1', '1', '2025-07-28 16:44:52', '2025-07-28 16:44:52', '0', '0');
INSERT INTO `menu_items` (`id`, `section_id`, `name`, `description`, `price`, `dietary_info`, `ingredients`, `allergen_info`, `spice_level`, `display_order`, `is_available`, `is_featured`, `created_at`, `updated_at`, `is_hidden`, `appears_on_specials`) VALUES ('149', '1', 'Spicy Steak Roll', 'Grilled Rare Steak, Cucumber and Hot Sauce.', '7.00', 'Gluten-Free', NULL, NULL, NULL, '6', '1', '0', '2025-07-28 16:44:52', '2025-07-28 16:44:52', '0', '0');
INSERT INTO `menu_items` (`id`, `section_id`, `name`, `description`, `price`, `dietary_info`, `ingredients`, `allergen_info`, `spice_level`, `display_order`, `is_available`, `is_featured`, `created_at`, `updated_at`, `is_hidden`, `appears_on_specials`) VALUES ('150', '1', 'Chicken Spring Roll', NULL, '6.00', NULL, NULL, NULL, NULL, '7', '1', '0', '2025-07-28 16:44:52', '2025-07-28 16:44:52', '0', '0');
INSERT INTO `menu_items` (`id`, `section_id`, `name`, `description`, `price`, `dietary_info`, `ingredients`, `allergen_info`, `spice_level`, `display_order`, `is_available`, `is_featured`, `created_at`, `updated_at`, `is_hidden`, `appears_on_specials`) VALUES ('151', '1', 'Spicy Tuna Roll', 'Makuro, Cucumber and Hot Sauce.', '7.00', NULL, NULL, NULL, NULL, '8', '1', '1', '2025-07-28 16:44:52', '2025-07-28 16:44:52', '0', '0');
INSERT INTO `menu_items` (`id`, `section_id`, `name`, `description`, `price`, `dietary_info`, `ingredients`, `allergen_info`, `spice_level`, `display_order`, `is_available`, `is_featured`, `created_at`, `updated_at`, `is_hidden`, `appears_on_specials`) VALUES ('152', '1', 'Eel Roll', 'Eel, Avocados and Cucumber.', '7.00', 'Gluten-Free', NULL, NULL, NULL, '9', '1', '0', '2025-07-28 16:44:52', '2025-07-28 16:44:52', '0', '0');
INSERT INTO `menu_items` (`id`, `section_id`, `name`, `description`, `price`, `dietary_info`, `ingredients`, `allergen_info`, `spice_level`, `display_order`, `is_available`, `is_featured`, `created_at`, `updated_at`, `is_hidden`, `appears_on_specials`) VALUES ('153', '1', 'Spider Roll', 'Tempura fried Soft-shell Crab, Asparagus, Yum-Yum Sauce, Hot Sauce, Teriyaki Sauce and Sesame Seeds.', '8.00', NULL, NULL, NULL, NULL, '10', '1', '0', '2025-07-28 16:44:52', '2025-07-28 16:44:52', '0', '0');
INSERT INTO `menu_items` (`id`, `section_id`, `name`, `description`, `price`, `dietary_info`, `ingredients`, `allergen_info`, `spice_level`, `display_order`, `is_available`, `is_featured`, `created_at`, `updated_at`, `is_hidden`, `appears_on_specials`) VALUES ('154', '1', 'Mexican Roll', 'Tempura Shrimp, Avocado, Yum-Yum Sauce, Eel Sauce, Hot Sauce and Sesame Seeds.', '8.00', NULL, NULL, NULL, NULL, '11', '1', '0', '2025-07-28 16:44:52', '2025-07-28 16:44:52', '0', '0');
INSERT INTO `menu_items` (`id`, `section_id`, `name`, `description`, `price`, `dietary_info`, `ingredients`, `allergen_info`, `spice_level`, `display_order`, `is_available`, `is_featured`, `created_at`, `updated_at`, `is_hidden`, `appears_on_specials`) VALUES ('155', '1', 'Tuna Roll', 'Tuna, Cucumber.', '7.00', NULL, NULL, NULL, NULL, '12', '1', '0', '2025-07-28 16:44:52', '2025-07-28 16:44:52', '0', '0');
INSERT INTO `menu_items` (`id`, `section_id`, `name`, `description`, `price`, `dietary_info`, `ingredients`, `allergen_info`, `spice_level`, `display_order`, `is_available`, `is_featured`, `created_at`, `updated_at`, `is_hidden`, `appears_on_specials`) VALUES ('156', '1', 'Philly Roll', 'Smoked Salmon, Cream Cheese, Sesame Seeds and Avocado.', '7.00', 'Gluten-Free', NULL, NULL, NULL, '13', '1', '0', '2025-07-28 16:44:52', '2025-07-28 16:44:52', '0', '0');
INSERT INTO `menu_items` (`id`, `section_id`, `name`, `description`, `price`, `dietary_info`, `ingredients`, `allergen_info`, `spice_level`, `display_order`, `is_available`, `is_featured`, `created_at`, `updated_at`, `is_hidden`, `appears_on_specials`) VALUES ('157', '1', 'Vegan Roll', 'Pickled Daikon, Tofu, Cucumber and Asparagus.', '6.00', 'Gluten-Free, Vegan', NULL, NULL, NULL, '14', '1', '0', '2025-07-28 16:44:52', '2025-07-28 16:44:52', '0', '0');
INSERT INTO `menu_items` (`id`, `section_id`, `name`, `description`, `price`, `dietary_info`, `ingredients`, `allergen_info`, `spice_level`, `display_order`, `is_available`, `is_featured`, `created_at`, `updated_at`, `is_hidden`, `appears_on_specials`) VALUES ('158', '1', 'Pork Spring Roll', NULL, '5.00', NULL, NULL, NULL, NULL, '15', '1', '0', '2025-07-28 16:44:52', '2025-07-28 16:44:52', '0', '0');
INSERT INTO `menu_items` (`id`, `section_id`, `name`, `description`, `price`, `dietary_info`, `ingredients`, `allergen_info`, `spice_level`, `display_order`, `is_available`, `is_featured`, `created_at`, `updated_at`, `is_hidden`, `appears_on_specials`) VALUES ('159', '1', 'Veggie Spring Roll', NULL, '5.00', NULL, NULL, NULL, NULL, '16', '1', '0', '2025-07-28 16:44:52', '2025-07-28 16:44:52', '0', '0');
INSERT INTO `menu_items` (`id`, `section_id`, `name`, `description`, `price`, `dietary_info`, `ingredients`, `allergen_info`, `spice_level`, `display_order`, `is_available`, `is_featured`, `created_at`, `updated_at`, `is_hidden`, `appears_on_specials`) VALUES ('160', '1', 'Sake Roll', 'Salmon, Cucumber.', '7.00', 'Gluten-Free', NULL, NULL, NULL, '17', '1', '0', '2025-07-28 16:44:52', '2025-07-28 16:44:52', '0', '0');
INSERT INTO `menu_items` (`id`, `section_id`, `name`, `description`, `price`, `dietary_info`, `ingredients`, `allergen_info`, `spice_level`, `display_order`, `is_available`, `is_featured`, `created_at`, `updated_at`, `is_hidden`, `appears_on_specials`) VALUES ('161', '1', 'Yellowtail Roll', 'Yellowtail, Cucumber.', '7.00', NULL, NULL, NULL, NULL, '18', '1', '0', '2025-07-28 16:44:52', '2025-07-28 16:44:52', '0', '0');
INSERT INTO `menu_items` (`id`, `section_id`, `name`, `description`, `price`, `dietary_info`, `ingredients`, `allergen_info`, `spice_level`, `display_order`, `is_available`, `is_featured`, `created_at`, `updated_at`, `is_hidden`, `appears_on_specials`) VALUES ('162', '6', 'Beef Satay', NULL, '7.00', 'Gluten-Free', NULL, NULL, NULL, '1', '1', '0', '2025-07-28 16:44:52', '2025-07-28 16:44:52', '0', '0');
INSERT INTO `menu_items` (`id`, `section_id`, `name`, `description`, `price`, `dietary_info`, `ingredients`, `allergen_info`, `spice_level`, `display_order`, `is_available`, `is_featured`, `created_at`, `updated_at`, `is_hidden`, `appears_on_specials`) VALUES ('163', '6', 'Chicken Heart', NULL, '6.00', NULL, NULL, NULL, NULL, '2', '1', '0', '2025-07-28 16:44:52', '2025-07-28 16:44:52', '0', '0');
INSERT INTO `menu_items` (`id`, `section_id`, `name`, `description`, `price`, `dietary_info`, `ingredients`, `allergen_info`, `spice_level`, `display_order`, `is_available`, `is_featured`, `created_at`, `updated_at`, `is_hidden`, `appears_on_specials`) VALUES ('164', '6', 'Beef Tongue', NULL, '6.00', NULL, NULL, NULL, NULL, '3', '1', '0', '2025-07-28 16:44:52', '2025-07-28 16:44:52', '0', '0');
INSERT INTO `menu_items` (`id`, `section_id`, `name`, `description`, `price`, `dietary_info`, `ingredients`, `allergen_info`, `spice_level`, `display_order`, `is_available`, `is_featured`, `created_at`, `updated_at`, `is_hidden`, `appears_on_specials`) VALUES ('165', '6', 'Chicken Liver', NULL, '6.00', NULL, NULL, NULL, NULL, '4', '1', '0', '2025-07-28 16:44:52', '2025-07-28 16:44:52', '0', '0');
INSERT INTO `menu_items` (`id`, `section_id`, `name`, `description`, `price`, `dietary_info`, `ingredients`, `allergen_info`, `spice_level`, `display_order`, `is_available`, `is_featured`, `created_at`, `updated_at`, `is_hidden`, `appears_on_specials`) VALUES ('166', '6', 'Chicken Gizzard', NULL, '6.00', NULL, NULL, NULL, NULL, '5', '1', '0', '2025-07-28 16:44:52', '2025-07-28 16:44:52', '0', '0');
INSERT INTO `menu_items` (`id`, `section_id`, `name`, `description`, `price`, `dietary_info`, `ingredients`, `allergen_info`, `spice_level`, `display_order`, `is_available`, `is_featured`, `created_at`, `updated_at`, `is_hidden`, `appears_on_specials`) VALUES ('167', '6', 'Chicken Satay', NULL, '6.00', 'Gluten-Free', NULL, NULL, NULL, '6', '1', '1', '2025-07-28 16:44:52', '2025-07-28 16:44:52', '0', '0');

-- Structure for table `menu_sections`
DROP TABLE IF EXISTS `menu_sections`;
CREATE TABLE `menu_sections` (
  `id` int NOT NULL AUTO_INCREMENT,
  `menu_id` int NOT NULL,
  `name` varchar(150) COLLATE utf8mb4_unicode_ci NOT NULL,
  `description` text COLLATE utf8mb4_unicode_ci,
  `display_order` int DEFAULT '0',
  `is_active` tinyint(1) DEFAULT '1',
  `created_at` timestamp NULL DEFAULT CURRENT_TIMESTAMP,
  `updated_at` timestamp NULL DEFAULT CURRENT_TIMESTAMP ON UPDATE CURRENT_TIMESTAMP,
  `is_disabled` tinyint(1) DEFAULT '0',
  PRIMARY KEY (`id`),
  KEY `idx_menu_active_order` (`menu_id`,`is_active`,`display_order`),
  KEY `idx_menu_id` (`menu_id`),
  CONSTRAINT `menu_sections_ibfk_1` FOREIGN KEY (`menu_id`) REFERENCES `menus` (`id`) ON DELETE CASCADE
) ENGINE=InnoDB AUTO_INCREMENT=23 DEFAULT CHARSET=utf8mb4 COLLATE=utf8mb4_unicode_ci;

-- Data for table `menu_sections`
INSERT INTO `menu_sections` (`id`, `menu_id`, `name`, `description`, `display_order`, `is_active`, `created_at`, `updated_at`, `is_disabled`) VALUES ('1', '2', 'Sushi Rolls', 'Fresh sushi rolls made to order', '1', '1', '2025-07-28 16:27:14', '2025-07-28 16:27:14', '0');
INSERT INTO `menu_sections` (`id`, `menu_id`, `name`, `description`, `display_order`, `is_active`, `created_at`, `updated_at`, `is_disabled`) VALUES ('2', '2', 'Sushi & Sashimi', 'Traditional nigiri and sashimi', '2', '1', '2025-07-28 16:27:14', '2025-07-28 16:27:14', '0');
INSERT INTO `menu_sections` (`id`, `menu_id`, `name`, `description`, `display_order`, `is_active`, `created_at`, `updated_at`, `is_disabled`) VALUES ('3', '2', 'Appetizers', 'Small plates and starters', '3', '1', '2025-07-28 16:27:14', '2025-07-28 16:27:14', '0');
INSERT INTO `menu_sections` (`id`, `menu_id`, `name`, `description`, `display_order`, `is_active`, `created_at`, `updated_at`, `is_disabled`) VALUES ('4', '1', 'Small Plates', 'Tapas-style dishes perfect for sharing', '4', '1', '2025-07-28 16:27:14', '2025-07-28 17:44:18', '0');
INSERT INTO `menu_sections` (`id`, `menu_id`, `name`, `description`, `display_order`, `is_active`, `created_at`, `updated_at`, `is_disabled`) VALUES ('5', '2', 'Grilled Items', 'Fresh items from our grill', '5', '1', '2025-07-28 16:27:14', '2025-07-28 16:27:14', '0');
INSERT INTO `menu_sections` (`id`, `menu_id`, `name`, `description`, `display_order`, `is_active`, `created_at`, `updated_at`, `is_disabled`) VALUES ('6', '1', 'Yakitori', 'Japanese-style grilled skewers', '6', '1', '2025-07-28 16:27:14', '2025-07-28 19:53:03', '0');
INSERT INTO `menu_sections` (`id`, `menu_id`, `name`, `description`, `display_order`, `is_active`, `created_at`, `updated_at`, `is_disabled`) VALUES ('7', '2', 'Rice & Noodle Bowls', 'Hearty bowls and comfort food', '7', '1', '2025-07-28 16:27:14', '2025-07-28 16:27:14', '0');
INSERT INTO `menu_sections` (`id`, `menu_id`, `name`, `description`, `display_order`, `is_active`, `created_at`, `updated_at`, `is_disabled`) VALUES ('8', '3', 'Cocktails', 'Signature cocktails and mixed drinks', '1', '1', '2025-07-28 16:27:14', '2025-07-28 16:27:14', '0');
INSERT INTO `menu_sections` (`id`, `menu_id`, `name`, `description`, `display_order`, `is_active`, `created_at`, `updated_at`, `is_disabled`) VALUES ('9', '3', 'Beer', 'Draft and bottled beer selection', '2', '1', '2025-07-28 16:27:14', '2025-07-28 16:27:14', '0');
INSERT INTO `menu_sections` (`id`, `menu_id`, `name`, `description`, `display_order`, `is_active`, `created_at`, `updated_at`, `is_disabled`) VALUES ('10', '3', 'Non-Alcoholic', 'Soft drinks, juices, and specialty beverages', '3', '1', '2025-07-28 16:27:14', '2025-07-28 16:27:14', '0');
INSERT INTO `menu_sections` (`id`, `menu_id`, `name`, `description`, `display_order`, `is_active`, `created_at`, `updated_at`, `is_disabled`) VALUES ('11', '3', 'Hot Beverages', 'Coffee, tea, and hot specialty drinks', '4', '1', '2025-07-28 16:27:14', '2025-07-28 16:27:14', '0');
INSERT INTO `menu_sections` (`id`, `menu_id`, `name`, `description`, `display_order`, `is_active`, `created_at`, `updated_at`, `is_disabled`) VALUES ('12', '4', 'Sake', 'Premium sake selection', '1', '1', '2025-07-28 16:27:14', '2025-07-28 16:27:14', '0');
INSERT INTO `menu_sections` (`id`, `menu_id`, `name`, `description`, `display_order`, `is_active`, `created_at`, `updated_at`, `is_disabled`) VALUES ('13', '4', 'Red Wine', 'Red wine varieties', '2', '1', '2025-07-28 16:27:14', '2025-07-28 16:27:14', '0');
INSERT INTO `menu_sections` (`id`, `menu_id`, `name`, `description`, `display_order`, `is_active`, `created_at`, `updated_at`, `is_disabled`) VALUES ('14', '4', 'White Wine', 'White wine selection', '3', '1', '2025-07-28 16:27:14', '2025-07-28 16:27:14', '0');
INSERT INTO `menu_sections` (`id`, `menu_id`, `name`, `description`, `display_order`, `is_active`, `created_at`, `updated_at`, `is_disabled`) VALUES ('15', '4', 'Sparkling', 'Champagne and sparkling wines', '4', '1', '2025-07-28 16:27:14', '2025-07-28 16:27:14', '0');
INSERT INTO `menu_sections` (`id`, `menu_id`, `name`, `description`, `display_order`, `is_active`, `created_at`, `updated_at`, `is_disabled`) VALUES ('16', '1', 'Chef\'s Specials 2', 'Limited time chef creations', '1', '1', '2025-07-28 16:27:14', '2025-07-28 17:39:27', '1');
INSERT INTO `menu_sections` (`id`, `menu_id`, `name`, `description`, `display_order`, `is_active`, `created_at`, `updated_at`, `is_disabled`) VALUES ('17', '1', 'Seasonal Items', 'Fresh seasonal selections', '2', '1', '2025-07-28 16:27:14', '2025-07-28 19:43:17', '1');
INSERT INTO `menu_sections` (`id`, `menu_id`, `name`, `description`, `display_order`, `is_active`, `created_at`, `updated_at`, `is_disabled`) VALUES ('18', '1', 'Featured Combinations', 'Special combination platters', '3', '1', '2025-07-28 16:27:14', '2025-07-28 19:43:22', '1');
INSERT INTO `menu_sections` (`id`, `menu_id`, `name`, `description`, `display_order`, `is_active`, `created_at`, `updated_at`, `is_disabled`) VALUES ('19', '1', 'Raw Plates', 'Sashimi 2pc & Nigiri (with rice)', '5', '1', '2025-07-28 19:51:41', '2025-07-28 19:56:43', '0');
INSERT INTO `menu_sections` (`id`, `menu_id`, `name`, `description`, `display_order`, `is_active`, `created_at`, `updated_at`, `is_disabled`) VALUES ('20', '1', 'Tacos', 'Served row on a flour tortilla or lettuce wrap with seasonal fruits, lime juice, tobiko, sesame seeds', '6', '1', '2025-07-28 19:52:10', '2025-07-28 19:56:03', '0');
INSERT INTO `menu_sections` (`id`, `menu_id`, `name`, `description`, `display_order`, `is_active`, `created_at`, `updated_at`, `is_disabled`) VALUES ('21', '1', 'Laab Tacos', 'Served on a flour tortilla or lettuce wrap with cucumber, mint, cilantro, onion, lime juice', '7', '1', '2025-07-28 19:52:20', '2025-07-28 19:54:55', '0');
INSERT INTO `menu_sections` (`id`, `menu_id`, `name`, `description`, `display_order`, `is_active`, `created_at`, `updated_at`, `is_disabled`) VALUES ('22', '1', 'Yakitori', NULL, '8', '1', '2025-07-28 19:52:33', '2025-07-28 19:52:50', '1');

-- Structure for table `menus`
DROP TABLE IF EXISTS `menus`;
CREATE TABLE `menus` (
  `id` int NOT NULL AUTO_INCREMENT,
  `name` varchar(100) COLLATE utf8mb4_unicode_ci NOT NULL,
  `description` text COLLATE utf8mb4_unicode_ci,
  `display_order` int DEFAULT '0',
  `is_active` tinyint(1) DEFAULT '1',
  `created_at` timestamp NULL DEFAULT CURRENT_TIMESTAMP,
  `updated_at` timestamp NULL DEFAULT CURRENT_TIMESTAMP ON UPDATE CURRENT_TIMESTAMP,
  PRIMARY KEY (`id`),
  UNIQUE KEY `name` (`name`),
  KEY `idx_active_order` (`is_active`,`display_order`)
) ENGINE=InnoDB AUTO_INCREMENT=5 DEFAULT CHARSET=utf8mb4 COLLATE=utf8mb4_unicode_ci;

-- Data for table `menus`
INSERT INTO `menus` (`id`, `name`, `description`, `display_order`, `is_active`, `created_at`, `updated_at`) VALUES ('1', 'Special', 'Special Selections and Seasonal Items', '1', '1', '2025-07-28 16:27:14', '2025-07-28 17:47:06');
INSERT INTO `menus` (`id`, `name`, `description`, `display_order`, `is_active`, `created_at`, `updated_at`) VALUES ('2', 'Food', 'Main Food Menu - Sushi, Appetizers, and Entrees', '2', '1', '2025-07-28 16:27:14', '2025-07-28 16:27:14');
INSERT INTO `menus` (`id`, `name`, `description`, `display_order`, `is_active`, `created_at`, `updated_at`) VALUES ('3', 'Drinks', 'Beverages, Cocktails, and Non-Alcoholic Options', '3', '1', '2025-07-28 16:27:14', '2025-07-28 16:27:14');
INSERT INTO `menus` (`id`, `name`, `description`, `display_order`, `is_active`, `created_at`, `updated_at`) VALUES ('4', 'Wine', 'Wine Selection and Sake', '4', '1', '2025-07-28 16:27:14', '2025-07-28 16:27:14');

SET FOREIGN_KEY_CHECKS = 1;
COMMIT;
